cell,runs,converged,axis_corr_mean,axis_corr_min,consensus_bias,consensus_rmse,high_pass,high_pass_lo,high_pass_hi,low_pass,low_pass_lo,low_pass_hi,band,partisan_pass,partisan_pass_lo,partisan_pass_hi,partisan_appeal,leak_mean,leak_sd,fit_seconds,uncovered
n=100 s=0.6 r=5 e=0.15 lb=0.05 lf=0.01,200,1,0.9056192042036928,0.6860409773036394,-0.03243112458343296,0.04876878988231788,0.7836538461538461,0.7496638705239851,0.8141727398600056,0,0.000000000000000001734723475976807,0.025911070809500968,0.1865,0,0.000000000000000001734723475976807,0.018845326377266575,0.9995,0.03928382139907761,0.18705385555756335,0.13940999999999998,0
n=100 s=0.6 r=5 e=0.15 lb=0.05 lf=0.03,200,1,0.9251456260363671,0.7207877122361821,-0.03207850087369632,0.04683646339245652,0.8076335877862595,0.7756890577349818,0.8359907244107221,0,0.000000000000000001734723475976807,0.026130134793326112,0.1925,0,0.000000000000000001734723475976807,0.018845326377266575,1,0.05068880584597912,0.18708380129444302,0.10062000000000003,0
n=100 s=0.6 r=5 e=0.15 lb=0.15 lf=0.01,200,1,0.8972655534445808,0.6189240077448663,-0.03204714342083459,0.048069085492191035,0.7934272300469484,0.7571278515925773,0.8255513730222254,0,0,0.026006319228120876,0.1965,0,0.000000000000000001734723475976807,0.018845326377266575,1,0.03141412416689712,0.18748375213626234,0.13608499999999993,0
n=100 s=0.6 r=5 e=0.15 lb=0.15 lf=0.03,200,1,0.9311994467071724,0.839285543723079,-0.031261853767571963,0.0468479772230851,0.8366412213740458,0.8039654815307935,0.8647864629954771,0,0,0.0259623289066927,0.181,0,0.000000000000000001734723475976807,0.018845326377266575,1,0.030486344667272944,0.19739146841711866,0.0956,0
n=100 s=0.6 r=5 e=0.15 lb=0.15 lf=0.09,200,1,0.9436155104247139,0.8606687112338754,-0.03087634166440525,0.04572972368545156,0.8131868131868132,0.7783077691310453,0.8436804546405622,0,0,0.025037037400550844,0.189,0,0.000000000000000001734723475976807,0.018845326377266575,1,0.05567691043820716,0.16885005551993093,0.0666,0
n=100 s=0.6 r=5 e=0.15 lb=0.45 lf=0.01,200,1,0.9004973711300029,0.6744072782713105,-0.03284740308043029,0.046971016731151116,0.7813884785819794,0.7476859356763791,0.8117228518701792,0,0,0.024937152909684426,0.1815,0,0.000000000000000001734723475976807,0.018845326377266575,1,0.03636779363755803,0.18362557843970437,0.13134499999999993,0
n=100 s=0.6 r=5 e=0.15 lb=0.45 lf=0.03,200,1,0.9325393024113405,0.8422835008172619,-0.029684336326548495,0.044153061597430356,0.823088455772114,0.7923029738733552,0.850173716159602,0,0,0.024550045507552146,0.1735,0,0.000000000000000001734723475976807,0.018845326377266575,1,0.0338810460039574,0.16675723301157994,0.08859499999999995,0
n=100 s=0.6 r=5 e=0.15 lb=0.45 lf=0.09,200,1,0.9461002406487069,0.883354046261629,-0.030618811024501476,0.045132210070614416,0.8399366085578447,0.8079831618880023,0.8674450427096226,0,0.000000000000000001734723475976807,0.0257319919340976,0.1795,0,0.000000000000000001734723475976807,0.018845326377266575,1,0.05942951322526344,0.17799684366653462,0.0639,0
n=100 s=0.8 r=5 e=0.15 lb=0.05 lf=0.01,200,1,0.8731134222174626,0.3645591357376052,-0.06031007055901208,0.09485612791356886,0.6219312602291326,0.5804052182594366,0.6617427115503229,0,0,0.0248551706219337,0.1625,0,0.000000000000000001734723475976807,0.018845326377266575,0.9925,0.049848921024568844,0.13316858773434698,0.1522249999999999,0.00625
n=100 s=0.8 r=5 e=0.15 lb=0.05 lf=0.03,200,1,0.9085775989182672,0.532001580488368,-0.054706976694927814,0.08665855624306484,0.6285714285714286,0.5912069622501588,0.6644590072331151,0.0022935779816513763,0.0004020250327416196,0.012969532340365336,0.184,0,0.000000000000000001734723475976807,0.018845326377266575,0.996,0.07012965514933575,0.08583302721360514,0.1061850000000001,0.00325
n=100 s=0.8 r=5 e=0.15 lb=0.15 lf=0.01,200,1,0.8758737554183553,0.5725549943535393,-0.05318318931663939,0.08377751752172555,0.6639072847682119,0.6232525572590486,0.702270671357061,0,0,0.02556009901684038,0.179,0,0.000000000000000001734723475976807,0.018845326377266575,0.995,0.04213831959320721,0.08486540341987249,0.14153999999999992,0.00375
n=100 s=0.8 r=5 e=0.15 lb=0.15 lf=0.03,200,1,0.9028813335275292,0.5440547080539675,-0.04865949301345592,0.07573270950778276,0.6611195158850227,0.6241972570888552,0.6961798751944153,0.002188183807439825,0.00038598864214733995,0.012301344652599286,0.194,0.0005,0.00008823683494034104,0.0028278496056374927,0.994,0.07366452261746255,0.09007555553644692,0.10363500000000014,0.00325
n=100 s=0.8 r=5 e=0.15 lb=0.15 lf=0.09,200,1,0.9190078315358519,0.7669490153314171,-0.04708731492970742,0.07177490877761622,0.6891495601173021,0.653434650674238,0.7227455826462027,0.0024813895781637717,0.00043484418063930927,0.014024629798914813,0.171,0.0005,0.00008823683494034104,0.0028278496056374914,0.9955,0.12144146821995375,0.08850557697817835,0.07086500000000004,0.003
n=100 s=0.8 r=5 e=0.15 lb=0.45 lf=0.01,200,1,0.8801865102943293,0.6448273899134672,-0.05292710292236269,0.08098237178465093,0.6265822784810127,0.5882121447901372,0.6634229094838555,0.002403846153846154,0.00042446397836455943,0.013489023358265755,0.1845,0,0.000000000000000001734723475976807,0.018845326377266575,0.998,0.04637035147309631,0.08739014347676687,0.1363400000000001,0.00225
n=100 s=0.8 r=5 e=0.15 lb=0.45 lf=0.03,200,1,0.9063367171111477,0.7753594712335797,-0.04708226243807893,0.07161675788038079,0.6635514018691588,0.6261253310635653,0.699031868326297,0.0022172949002217295,0.0003911493403969341,0.012462808547559184,0.188,0,0.000000000000000001734723475976807,0.018845326377266575,0.9965,0.04276281298563771,0.0810873065608847,0.09413500000000002,0.002
n=100 s=0.8 r=5 e=0.15 lb=0.45 lf=0.09,200,1,0.9243161147683228,0.715705814742444,-0.04567818062257933,0.06852286905670574,0.6790697674418604,0.6411089268090275,0.7148015675916595,0.0022675736961451248,0.000400084041388085,0.012740919344477037,0.176,0,0.000000000000000001734723475976807,0.018845326377266575,0.9975,0.08041920576664545,0.08492594567155712,0.06855999999999998,0.00175
n=200 s=0.6 r=5 e=0.15 lb=0.05 lf=0.01,200,1,0.8815301978803791,0.6796123985253184,-0.020355263188891966,0.030912563444247188,0.9243827160493827,0.9014320703934182,0.942331382448405,0,0,0.024603179544276578,0.197,0,0.000000000000000001734723475976807,0.018845326377266575,1,0.010542922570760376,0.12485526578349083,0.38238000000000005,0
n=200 s=0.6 r=5 e=0.15 lb=0.05 lf=0.03,200,1,0.9256383014670803,0.8277030119540912,-0.019831522199763394,0.030335936121270477,0.9135220125786163,0.8884573251883534,0.933376779216873,0,0,0.02479141750967862,0.1955,0,0.000000000000000001734723475976807,0.018845326377266575,1,0.025395190150586503,0.11447684750335758,0.2576049999999999,0
n=200 s=0.6 r=5 e=0.15 lb=0.15 lf=0.01,200,1,0.8815835957183856,0.6624755704185914,-0.020576154340503413,0.031326645724061505,0.917981072555205,0.8940210550262445,0.9369064312176217,0,0,0.024880185570161587,0.1895,0,0.000000000000000001734723475976807,0.018845326377266575,1,0.0298645927974545,0.12430901309902483,0.37240000000000006,0
n=200 s=0.6 r=5 e=0.15 lb=0.15 lf=0.03,200,1,0.9253292489098426,0.8459512962776122,-0.019557148851903666,0.03017726736911756,0.9180576631259484,0.8939995447061343,0.9370400342007336,0,0,0.025982555998355812,0.19,0,0.000000000000000001734723475976807,0.018845326377266575,1,0.04237156541773199,0.12846597723768424,0.26440499999999995,0
n=200 s=0.6 r=5 e=0.15 lb=0.15 lf=0.09,200,1,0.9452181151075415,0.8837784447898357,-0.01873074232613233,0.029087005557571974,0.9455676516329704,0.9250566070388672,0.9607035530176481,0,0,0.02552055846541381,0.19,0,0.000000000000000001734723475976807,0.018845326377266575,1,0.044831619586203256,0.1229112764225644,0.1682349999999999,0
n=200 s=0.6 r=5 e=0.15 lb=0.45 lf=0.01,200,1,0.8787184517809346,0.6702235693840807,-0.018923787928123225,0.029414321303305437,0.9429012345679012,0.9222884449011165,0.9582937767919862,0,0,0.024334310583276862,0.188,0,0.000000000000000001734723475976807,0.018845326377266575,1,0.014732205719667227,0.1272702602119228,0.35799499999999995,0
n=200 s=0.6 r=5 e=0.15 lb=0.45 lf=0.03,200,1,0.9250879687747015,0.7849825653813289,-0.02024614742599923,0.030107879406069932,0.9505766062602965,0.9303223004413126,0.9651637411512994,0,0.000000000000000001734723475976807,0.025053049346320584,0.1905,0,0.000000000000000001734723475976807,0.018845326377266575,1,0.017647704179472222,0.12136715056829217,0.25395999999999996,0
n=200 s=0.6 r=5 e=0.15 lb=0.45 lf=0.09,200,1,0.9473364415788978,0.8555423608523051,-0.019122656914627445,0.02889474259595718,0.9306625577812019,0.907659596668711,0.9482618759896858,0,0,0.02540727702458781,0.189,0,0.000000000000000001734723475976807,0.018845326377266575,1,0.03902539380965009,0.1186087377286834,0.16735999999999998,0
n=200 s=0.8 r=5 e=0.15 lb=0.05 lf=0.01,200,1,0.8648134265207288,0.6261013480999985,-0.030825814282274305,0.044771249609045514,0.8272727272727273,0.7965611118944744,0.8541966771225635,0,0,0.025944400930146973,0.19,0,0.000000000000000001734723475976807,0.018845326377266575,1,0.02542337347058128,0.05954199911081369,0.3940000000000003,0
n=200 s=0.8 r=5 e=0.15 lb=0.05 lf=0.03,200,1,0.8980606017817528,0.7815814983992507,-0.03166351997524367,0.046688443726694076,0.7880690737833596,0.7546540499588038,0.8180304961930173,0,0.000000000000000001734723475976807,0.025335647149668697,0.198,0,0.000000000000000001734723475976807,0.018845326377266575,1,0.041405047412165094,0.06118477671742702,0.27191499999999996,0
n=200 s=0.8 r=5 e=0.15 lb=0.15 lf=0.01,200,1,0.8558169595644481,0.6328551301020956,-0.030857884358653876,0.044950117808180694,0.8184568835098336,0.7872584957033054,0.8459751789035342,0,0,0.025900412177184962,0.184,0,0.000000000000000001734723475976807,0.018845326377266575,0.9995,0.02301336465694497,0.05579536646381571,0.3853499999999997,0.00025
n=200 s=0.8 r=5 e=0.15 lb=0.15 lf=0.03,200,1,0.9006665808150318,0.7726101598951847,-0.030766297496796862,0.04495881172615393,0.8241430700447094,0.7933901611857205,0.8511771783345258,0,0,0.025898280667046972,0.1965,0,0.000000000000000001734723475976807,0.018845326377266575,1,0.03888878432446256,0.06009329072642547,0.27089500000000016,0
n=200 s=0.8 r=5 e=0.15 lb=0.15 lf=0.09,200,1,0.924625242698311,0.8679656018765484,-0.029007819045908902,0.044009767776365,0.8280254777070064,0.7956546480799154,0.8561951799755008,0,0,0.025717951536316983,0.184,0,0.000000000000000001734723475976807,0.018845326377266575,1,0.06676222167650697,0.05028187294627197,0.17745999999999992,0
n=200 s=0.8 r=5 e=0.15 lb=0.45 lf=0.01,200,1,0.8521715427615684,0.6204935152484816,-0.02876118571227144,0.04310850068818549,0.8475336322869955,0.8183153630112795,0.8727835487814287,0,0,0.025216401381330328,0.189,0,0.000000000000000001734723475976807,0.018845326377266575,1,0.023498417381343423,0.060579913797791346,0.37022,0
n=200 s=0.8 r=5 e=0.15 lb=0.45 lf=0.03,200,1,0.9046145963607848,0.759104557168606,-0.02853204891642422,0.04210417722051021,0.8562401263823065,0.8249358310174555,0.8827423764426283,0,0,0.02529475940866874,0.1815,0,0.000000000000000001734723475976807,0.018845326377266575,1,0.03215577880656806,0.05542601154061286,0.25890499999999994,0
n=200 s=0.8 r=5 e=0.15 lb=0.45 lf=0.09,200,1,0.9257686951260942,0.8563294303975109,-0.028649040799489975,0.04331748905137552,0.8398744113029827,0.80937112952486,0.8663030080330103,0,0.000000000000000001734723475976807,0.025169993557078475,0.1895,0,0.000000000000000001734723475976807,0.018845326377266575,1,0.058846689931321146,0.05529780481868085,0.17561499999999985,0
n=800 s=0.6 r=5 e=0.15 lb=0.05 lf=0.01,200,1,0.8335058982477943,0.6880124417076279,-0.010331766358794944,0.015180275498549188,0.9985141158989599,0.9915763852765777,0.9997393990815772,0,0,0.024922066952577628,0.1655,0,0.000000000000000001734723475976807,0.018845326377266575,1,0.00528915590733471,0.06209542059283526,3.1515650000000006,0
n=800 s=0.6 r=5 e=0.15 lb=0.05 lf=0.03,200,1,0.9105068207551947,0.8428372571200061,-0.010670254048301086,0.015387358210280208,1,0.977869426375751,1,0,0,0.026004650559606098,0.198,0,0.000000000000000001734723475976807,0.018845326377266575,1,0.01609647497139452,0.06391188394826541,2.106235,0
n=800 s=0.6 r=5 e=0.15 lb=0.15 lf=0.01,200,1,0.831818830601739,0.68840091594277,-0.00969831047883279,0.014773649583025485,0.9984732824427481,0.9913836596799175,0.9997310654476939,0,0,0.025314097680166524,0.1795,0,0.000000000000000001734723475976807,0.018845326377266575,1,0.010211092198140209,0.06086925829797681,3.1987599999999983,0
n=800 s=0.6 r=5 e=0.15 lb=0.15 lf=0.03,200,1,0.9104878595775925,0.8263151421741118,-0.010188498491291508,0.015171947409675158,0.9985029940119761,0.9915302290635194,0.9997369317945602,0,0.000000000000000001734723475976807,0.025773271876012187,0.177,0,0.000000000000000001734723475976807,0.018845326377266575,1,0.01594268232369465,0.06592788426574672,2.1873600000000013,0
n=800 s=0.6 r=5 e=0.15 lb=0.15 lf=0.09,200,1,0.9447226083104163,0.9197056116769121,-0.009183289759744584,0.014342920963586775,0.9984496124031008,0.9912702628421425,0.9997262839363091,0,0.000000000000000001734723475976807,0.024975931736288752,0.182,0,0.000000000000000001734723475976807,0.018845326377266575,1,0.03978541455778596,0.06319760324791593,1.2742400000000005,0
n=800 s=0.6 r=5 e=0.15 lb=0.45 lf=0.01,200,1,0.8293976893088939,0.6716629283119564,-0.00945141211596209,0.014508399549755288,1,0.9774814567111393,1,0,0.000000000000000001734723475976807,0.026604540338102785,0.184,0,0.000000000000000001734723475976807,0.018845326377266575,1,0.008449606137268154,0.0593554632277794,3.188215,0
n=800 s=0.6 r=5 e=0.15 lb=0.45 lf=0.03,200,1,0.9120065842453761,0.8296232733389152,-0.009660635890976564,0.014794484167165872,1,0.9775246050643911,0.9999999999999998,0,0,0.025867393928856775,0.197,0,0.000000000000000001734723475976807,0.018845326377266575,1,0.016969999461348563,0.05648429988493536,2.145689999999999,0
n=800 s=0.6 r=5 e=0.15 lb=0.45 lf=0.09,200,1,0.9460335873081117,0.9242912355099627,-0.008606791682294626,0.014054225858856554,0.9967532467532467,0.9882400796919345,0.999109171138087,0,0,0.024982921149657614,0.1655,0,0.000000000000000001734723475976807,0.018845326377266575,1,0.030434553575473616,0.0626231487672584,1.2961299999999993,0
n=800 s=0.8 r=5 e=0.15 lb=0.05 lf=0.01,200,1,0.8170485936674912,0.6786236103879454,-0.016708911631923846,0.023264565593400323,0.9847094801223242,0.972084379731538,0.9916736678937447,0,0.000000000000000001734723475976807,0.027741017879541884,0.189,0,0.000000000000000001734723475976807,0.018845326377266575,1,0.01904843393245794,0.030587432624319986,3.1872150000000024,0
n=800 s=0.8 r=5 e=0.15 lb=0.05 lf=0.03,200,1,0.8817938746856936,0.7869982398830792,-0.017861469458052823,0.024409180068005222,0.974124809741248,0.9575342913605964,0.9843397433450343,0,0,0.025644948139367484,0.1845,0,0.000000000000000001734723475976807,0.018845326377266575,1,0.02724954351922653,0.027531554202397182,2.186305000000001,0
n=800 s=0.8 r=5 e=0.15 lb=0.15 lf=0.01,200,1,0.8013104692809052,0.6792143337805794,-0.01698021394409054,0.023406634878654107,0.9770992366412213,0.9625613309610382,0.9860735669076094,0,0,0.024777752374283563,0.1735,0,0.000000000000000001734723475976807,0.018845326377266575,1,0.014035514241700268,0.026220116940731144,3.331955,0
n=800 s=0.8 r=5 e=0.15 lb=0.15 lf=0.03,200,1,0.8854376288040295,0.7849531886681242,-0.016518656649178055,0.02251599262218845,0.9908116385911179,0.9801000897048332,0.9957822809830096,0,0,0.024562453229613736,0.176,0,0.000000000000000001734723475976807,0.018845326377266575,1,0.028200942555559428,0.03050063107549637,2.2488799999999993,0
n=800 s=0.8 r=5 e=0.15 lb=0.15 lf=0.09,200,1,0.9241699656400486,0.8848189157659284,-0.015876094127100178,0.02226191211494735,0.9825119236883942,0.9689585913467769,0.9902073917592447,0,0.000000000000000001734723475976807,0.02591687409606712,0.187,0,0.000000000000000001734723475976807,0.018845326377266575,1,0.04532547535757149,0.028292067839218775,1.3242849999999995,0
n=800 s=0.8 r=5 e=0.15 lb=0.45 lf=0.01,200,1,0.8007035058086036,0.6620520682110573,-0.015845007967899376,0.02208116647119011,0.9861325115562404,0.9738565805229761,0.9926874271750815,0,0.000000000000000001734723475976807,0.026858610891231018,0.1815,0,0.000000000000000001734723475976807,0.018845326377266575,1,0.016180364939601434,0.029175556330162375,3.2534900000000007,0
n=800 s=0.8 r=5 e=0.15 lb=0.45 lf=0.03,200,1,0.8840664781711962,0.7912854281432472,-0.016300596975337863,0.02270829581039245,0.9778761061946902,0.9638199815797119,0.9865475732486113,0,0,0.02547137901942259,0.1785,0,0.000000000000000001734723475976807,0.018845326377266575,1,0.025291145652161364,0.027511572151662507,2.242604999999999,0
n=800 s=0.8 r=5 e=0.15 lb=0.45 lf=0.09,200,1,0.9261985729365378,0.885659913119855,-0.015245167039031452,0.021869896229596206,0.978978978978979,0.9650265490126978,0.9874376372489987,0,0,0.02544540283324761,0.1805,0,0.000000000000000001734723475976807,0.018845326377266575,1,0.04037597825361277,0.028372427843519288,1.3662849999999995,0
