cell,eps,k_extra,runs,band,false_pass,false_pass_lo,false_pass_hi,false_fail,false_fail_lo,false_fail_hi,extra_reviews
n=100 s=0.5 r=5 e=0.15 panel=7,0.02,0,200,0.1545,0.10262828535669587,0.08345175214724002,0.12560752970305078,0.5105386416861827,0.46324231623689693,0.5576470383406197,0
n=100 s=0.5 r=5 e=0.15 panel=7,0.02,2,200,0.1545,0.08260325406758448,0.06454985063988336,0.10513836475882068,0.5362997658079626,0.4883734361029859,0.5835647887855715,0.309
n=100 s=0.5 r=5 e=0.15 panel=7,0.02,4,200,0.1545,0.07884856070087609,0.062112967653982436,0.0996144287007352,0.531615925058548,0.48173280473467095,0.5808750574985253,0.618
n=100 s=0.5 r=5 e=0.15 panel=7,0.02,6,200,0.1545,0.06508135168961202,0.049973203858519506,0.08435152194612949,0.522248243559719,0.4748834635699436,0.5692162849825916,0.927
n=100 s=0.5 r=5 e=0.15 panel=7,0.02,8,200,0.1545,0.0625782227784731,0.04778722092339062,0.08155520114488225,0.522248243559719,0.4748834635699436,0.5692162849825916,1.236
n=100 s=0.5 r=5 e=0.15 panel=7,0.02,11,200,0.1545,0.05381727158948686,0.040197625801890985,0.07170673318906547,0.5339578454332553,0.484480153198839,0.5827763158800807,1.6995
n=100 s=0.5 r=5 e=0.15 panel=7,0.04,0,200,0.316,0.15018773466833543,0.12677876006316058,0.1770427040875726,0.41217798594847777,0.36618857400519556,0.4597535489370095,0
n=100 s=0.5 r=5 e=0.15 panel=7,0.04,2,200,0.316,0.1251564455569462,0.10355979907946156,0.15050078214625429,0.43559718969555034,0.3871187479869873,0.485339002205325,0.632
n=100 s=0.5 r=5 e=0.15 panel=7,0.04,4,200,0.316,0.1113892365456821,0.09140678941962721,0.13509055550798,0.44028103044496486,0.3902708407310024,0.4915334887473466,1.264
n=100 s=0.5 r=5 e=0.15 panel=7,0.04,6,200,0.316,0.09637046307884856,0.07779790578806066,0.11880561672128982,0.41217798594847777,0.3664756527682415,0.45944639241912016,1.896
n=100 s=0.5 r=5 e=0.15 panel=7,0.04,8,200,0.316,0.08385481852315395,0.06657035399763699,0.10512164982983292,0.4168618266978923,0.3694766807184772,0.4658342797667124,2.528
n=100 s=0.5 r=5 e=0.15 panel=7,0.04,11,200,0.316,0.06382978723404255,0.04887931020361759,0.08295426373284333,0.4168618266978923,0.3669074831185645,0.4685834794226767,3.476
n=100 s=0.5 r=5 e=0.15 panel=7,0.06,0,200,0.456,0.18272841051314143,0.1558121727736237,0.21312052143485327,0.36065573770491804,0.31640368923964723,0.40740830611089685,0
n=100 s=0.5 r=5 e=0.15 panel=7,0.06,2,200,0.456,0.15894868585732166,0.1335339918166606,0.18815005844203464,0.3747072599531616,0.3284479787547073,0.42337430719967484,0.912
n=100 s=0.5 r=5 e=0.15 panel=7,0.06,4,200,0.456,0.1276595744680851,0.10628894499221721,0.15259337422183475,0.3583138173302108,0.308623782552721,0.4112454237703385,1.824
n=100 s=0.5 r=5 e=0.15 panel=7,0.06,6,200,0.456,0.11764705882352941,0.09696394173561063,0.14204804797731727,0.3395784543325527,0.2962692020069768,0.3857484005352704,2.736
n=100 s=0.5 r=5 e=0.15 panel=7,0.06,8,200,0.456,0.10387984981226533,0.08458544334341458,0.12696499037506428,0.3442622950819672,0.29944829238114334,0.39202989526420495,3.648
n=100 s=0.5 r=5 e=0.15 panel=7,0.06,11,200,0.456,0.0851063829787234,0.06768788016799247,0.10649527552766548,0.3372365339578454,0.289930895271573,0.3880426100177671,5.016
n=100 s=0.5 r=5 e=0.15 panel=11,0.02,0,200,0.2125,0.10477453580901856,0.08424725241687411,0.1295955850291671,0.42462845010615713,0.3799977420460209,0.4705229465385865,0
n=100 s=0.5 r=5 e=0.15 panel=11,0.02,2,200,0.2125,0.09151193633952255,0.0729498712116254,0.11421521083788273,0.43524416135881105,0.3894099921700841,0.48221258526720334,0.425
n=100 s=0.5 r=5 e=0.15 panel=11,0.02,4,200,0.2125,0.08222811671087533,0.06467293051440318,0.10401863067259376,0.4437367303609342,0.3984568550655149,0.4899709788316165,0.85
n=100 s=0.5 r=5 e=0.15 panel=11,0.02,6,200,0.2125,0.05570291777188329,0.04138990553630206,0.07458042246786838,0.4585987261146497,0.4141146823758596,0.5037526409685267,1.275
n=100 s=0.5 r=5 e=0.15 panel=11,0.02,8,200,0.2125,0.06763925729442971,0.05100418300701923,0.08918996842602431,0.44798301486199577,0.40141808593471273,0.4954783466874264,1.7
n=100 s=0.5 r=5 e=0.15 panel=11,0.02,11,200,0.2125,0.04774535809018567,0.03430155148354602,0.06609755504286786,0.44798301486199577,0.4036737188286466,0.49313394383481307,2.3375
n=100 s=0.5 r=5 e=0.15 panel=11,0.04,0,200,0.393,0.14854111405835543,0.12294921353557392,0.17837656435572802,0.3227176220806794,0.2794460502295968,0.3692559487665389,0
n=100 s=0.5 r=5 e=0.15 panel=11,0.04,2,200,0.393,0.13262599469496023,0.11026876011818265,0.15870762860816073,0.3375796178343949,0.2946832599359171,0.38332662458147077,0.786
n=100 s=0.5 r=5 e=0.15 panel=11,0.04,4,200,0.393,0.11273209549071618,0.09205059209451194,0.1373572687318338,0.3481953290870488,0.3061502804532616,0.39274617256402716,1.572
n=100 s=0.5 r=5 e=0.15 panel=11,0.04,6,200,0.393,0.07692307692307693,0.05970065460695903,0.09859287584619258,0.35456475583864117,0.31202416203956496,0.3995369905146433,2.358
n=100 s=0.5 r=5 e=0.15 panel=11,0.04,8,200,0.393,0.08090185676392574,0.06277780661902582,0.10367951333136871,0.33121019108280253,0.2880054883292401,0.3774601606683984,3.144
n=100 s=0.5 r=5 e=0.15 panel=11,0.04,11,200,0.393,0.0649867374005305,0.04901719069036377,0.08569027102710024,0.32696390658174096,0.28589930703143285,0.3708635313662222,4.323
n=100 s=0.5 r=5 e=0.15 panel=11,0.06,0,200,0.5575,0.17904509283819628,0.15161267468825873,0.21021120781401004,0.26963906581740976,0.22769459828440586,0.3161472951444033,0
n=100 s=0.5 r=5 e=0.15 panel=11,0.06,2,200,0.5575,0.16312997347480107,0.13847618810144713,0.1911989120302901,0.27176220806794055,0.23132144484815645,0.3163632204022999,1.115
n=100 s=0.5 r=5 e=0.15 panel=11,0.06,4,200,0.5575,0.14588859416445624,0.12248755999506213,0.17287957282058292,0.27176220806794055,0.2335527177653666,0.31366457759471145,2.23
n=100 s=0.5 r=5 e=0.15 panel=11,0.06,6,200,0.5575,0.10344827586206896,0.08258365690395275,0.12884397646104007,0.2781316348195329,0.2377365940084557,0.32248660383472216,3.3449999999999998
n=100 s=0.5 r=5 e=0.15 panel=11,0.06,8,200,0.5575,0.10344827586206896,0.08368295764794417,0.12723379408193547,0.2356687898089172,0.198045100929096,0.27796265801214715,4.46
n=100 s=0.5 r=5 e=0.15 panel=11,0.06,11,200,0.5575,0.08753315649867374,0.06901157246146557,0.11043597399437434,0.22717622080679406,0.19076431066470828,0.268234492436857,6.1325
n=100 s=0.8 r=5 e=0.15 panel=7,0.02,0,200,0.125,0.08701298701298701,0.06909906986505496,0.10902715644331504,0.6460554371002132,0.6014932958285322,0.6882174729520207,0
n=100 s=0.8 r=5 e=0.15 panel=7,0.02,2,200,0.125,0.07922077922077922,0.06216613661662563,0.10045303735794003,0.6460554371002132,0.6017509788027013,0.6879867280846967,0.25
n=100 s=0.8 r=5 e=0.15 panel=7,0.02,4,200,0.125,0.06363636363636363,0.048385830463276075,0.08327302514476545,0.6652452025586354,0.6213467170967941,0.7064587177028168,0.5
n=100 s=0.8 r=5 e=0.15 panel=7,0.02,6,200,0.125,0.06103896103896104,0.045971075801039776,0.0806282358513586,0.6588486140724946,0.6145936640002659,0.7004982860409613,0.75
n=100 s=0.8 r=5 e=0.15 panel=7,0.02,8,200,0.125,0.05584415584415584,0.04166802219135743,0.07446846523765589,0.6588486140724946,0.6148062707433588,0.7003099214188477,1
n=100 s=0.8 r=5 e=0.15 panel=7,0.02,11,200,0.125,0.045454545454545456,0.03278751432205035,0.06269809033632116,0.6588486140724946,0.6148062707433588,0.7003099214188477,1.375
n=100 s=0.8 r=5 e=0.15 panel=7,0.04,0,200,0.239,0.14155844155844155,0.11871246612609117,0.16796312651890916,0.5714285714285714,0.5262395629046661,0.6154569798796818,0
n=100 s=0.8 r=5 e=0.15 panel=7,0.04,2,200,0.239,0.11428571428571428,0.09370247786168684,0.13869843161499834,0.5692963752665245,0.5240975962832186,0.613369198955328,0.478
n=100 s=0.8 r=5 e=0.15 panel=7,0.04,4,200,0.239,0.10779220779220779,0.0878027436258213,0.13167562223936025,0.5991471215351812,0.5541620331151609,0.6425212277646057,0.956
n=100 s=0.8 r=5 e=0.15 panel=7,0.04,6,200,0.239,0.08701298701298701,0.06887453490567358,0.109367216159547,0.5863539445628998,0.5411127958614254,0.6301831392506817,1.434
n=100 s=0.8 r=5 e=0.15 panel=7,0.04,8,200,0.239,0.07922077922077922,0.06216613661662563,0.10045303735794003,0.5884861407249466,0.5434056106476932,0.632128912503066,1.912
n=100 s=0.8 r=5 e=0.15 panel=7,0.04,11,200,0.239,0.05974025974025974,0.04508477783434375,0.07876676530571103,0.5863539445628998,0.5412568912326464,0.6300478843723115,2.629
n=100 s=0.8 r=5 e=0.15 panel=7,0.06,0,200,0.3495,0.17272727272727273,0.14766897811488677,0.20103482386533095,0.5287846481876333,0.4835577580346872,0.573543833833632,0
n=100 s=0.8 r=5 e=0.15 panel=7,0.06,2,200,0.3495,0.14545454545454545,0.12231218640141597,0.1721169324104865,0.5181236673773987,0.4729386288026761,0.563014225336636,0.699
n=100 s=0.8 r=5 e=0.15 panel=7,0.06,4,200,0.3495,0.13376623376623376,0.11153194343152562,0.15963659687967036,0.5458422174840085,0.5005908851414461,0.5903486870932847,1.398
n=100 s=0.8 r=5 e=0.15 panel=7,0.06,6,200,0.3495,0.1012987012987013,0.08192751953281167,0.1246283027208663,0.535181236673774,0.4899390346199216,0.579851799885802,2.097
n=100 s=0.8 r=5 e=0.15 panel=7,0.06,8,200,0.3495,0.09480519480519481,0.07607888344397429,0.11755439519820005,0.535181236673774,0.4899390346199216,0.579851799885802,2.796
n=100 s=0.8 r=5 e=0.15 panel=7,0.06,11,200,0.3495,0.07922077922077922,0.06216613661662563,0.10045303735794003,0.5181236673773987,0.4729386288026761,0.563014225336636,3.8444999999999996
n=100 s=0.8 r=5 e=0.15 panel=11,0.02,0,200,0.145,0.09846547314578005,0.07838061785250271,0.12301008847922319,0.54627539503386,0.4997150530295788,0.5920400856010382,0
n=100 s=0.8 r=5 e=0.15 panel=11,0.02,2,200,0.145,0.08567774936061381,0.06722766930717845,0.1086017667711388,0.5620767494356659,0.5155388899562343,0.6075472716214227,0.29
n=100 s=0.8 r=5 e=0.15 panel=11,0.02,4,200,0.145,0.07672634271099744,0.05897915425103168,0.09925052791621186,0.5688487584650113,0.5223348850858499,0.6141788577548243,0.58
n=100 s=0.8 r=5 e=0.15 panel=11,0.02,6,200,0.145,0.07289002557544758,0.05550645897967242,0.09516922473338445,0.5665914221218962,0.5200685918843793,0.6119692905352894,0.8699999999999999
n=100 s=0.8 r=5 e=0.15 panel=11,0.02,8,200,0.145,0.06649616368286446,0.0503793848360616,0.0872948718198365,0.5620767494356659,0.5155388899562343,0.6075472716214227,1.16
n=100 s=0.8 r=5 e=0.15 panel=11,0.02,11,200,0.145,0.052429667519181586,0.03886026917156134,0.07039027795719119,0.5688487584650113,0.52173185777224,0.6147513927565124,1.595
n=100 s=0.8 r=5 e=0.15 panel=11,0.04,0,200,0.2875,0.1445012787723785,0.11986409290635591,0.17320589174841372,0.44469525959367945,0.39909294310913807,0.4912484765762218,0
n=100 s=0.8 r=5 e=0.15 panel=11,0.04,2,200,0.2875,0.12148337595907928,0.0985916630140483,0.1488127739258139,0.4672686230248307,0.42128881741467594,0.5138112064807411,0.575
n=100 s=0.8 r=5 e=0.15 panel=11,0.04,4,200,0.2875,0.09846547314578005,0.07781732637776924,0.1238565772655602,0.4717832957110609,0.42573933743222375,0.5183124073052047,1.15
n=100 s=0.8 r=5 e=0.15 panel=11,0.04,6,200,0.2875,0.08951406649616368,0.06973814474676275,0.11420943116911282,0.4717832957110609,0.42573933743222375,0.5183124073052047,1.7249999999999999
n=100 s=0.8 r=5 e=0.15 panel=11,0.04,8,200,0.2875,0.08823529411764706,0.06917052043952478,0.1119228827063465,0.4582392776523702,0.4123990982953813,0.5047974839160129,2.3
n=100 s=0.8 r=5 e=0.15 panel=11,0.04,11,200,0.2875,0.06649616368286446,0.051067302264320394,0.0861632518254714,0.4785553047404063,0.432422175286875,0.5250571507135706,3.1624999999999996
n=100 s=0.8 r=5 e=0.15 panel=11,0.06,0,200,0.4015,0.16112531969309463,0.13574002265081075,0.190213177809001,0.4040632054176072,0.3593820925294599,0.45039383957779705,0
n=100 s=0.8 r=5 e=0.15 panel=11,0.06,2,200,0.4015,0.13938618925831203,0.11531623098131452,0.167528873071876,0.42437923250564336,0.37919823113869605,0.4708604447576124,0.803
n=100 s=0.8 r=5 e=0.15 panel=11,0.06,4,200,0.4015,0.11892583120204604,0.09678935398599121,0.14531058049446616,0.40857787810383744,0.363778808827484,0.45494884412178443,1.606
n=100 s=0.8 r=5 e=0.15 panel=11,0.06,6,200,0.4015,0.10230179028132992,0.08125270407516781,0.1280438298581189,0.43115124153498874,0.3858211422451756,0.47766511491415,2.4090000000000003
n=100 s=0.8 r=5 e=0.15 panel=11,0.06,8,200,0.4015,0.10997442455242967,0.08930195266894628,0.13472441944929672,0.3927765237020316,0.3484076844192961,0.4389889455829323,3.212
n=100 s=0.8 r=5 e=0.15 panel=11,0.06,11,200,0.4015,0.07800511508951406,0.06120461282589078,0.09893132478364101,0.4018058690744921,0.3571852188728616,0.4481148528133897,4.4165
n=200 s=0.5 r=5 e=0.15 panel=7,0.02,0,200,0.1725,0.10160427807486631,0.08194804796121437,0.12533163446696707,0.4939271255060729,0.4486799950752292,0.5392739539087057,0
n=200 s=0.5 r=5 e=0.15 panel=7,0.02,2,200,0.1725,0.08422459893048129,0.06638386437157975,0.10631405923635456,0.5080971659919028,0.4624956681217585,0.5535643212366012,0.345
n=200 s=0.5 r=5 e=0.15 panel=7,0.02,4,200,0.1725,0.06684491978609626,0.0503043011455066,0.08831849486702698,0.5141700404858299,0.4692083915820341,0.5589035055956949,0.69
n=200 s=0.5 r=5 e=0.15 panel=7,0.02,6,200,0.1725,0.06550802139037433,0.04988582677472471,0.0855817776146486,0.5101214574898786,0.46517409417512046,0.554905763181227,1.035
n=200 s=0.5 r=5 e=0.15 panel=7,0.02,8,200,0.1725,0.06283422459893048,0.047563334290023455,0.0825829340463391,0.5303643724696356,0.48485531791292935,0.5753740112377299,1.38
n=200 s=0.5 r=5 e=0.15 panel=7,0.02,11,200,0.1725,0.05080213903743316,0.0366235377774741,0.07007065623315784,0.5161943319838057,0.4706838535743864,0.5614377706776301,1.8975
n=200 s=0.5 r=5 e=0.15 panel=7,0.04,0,200,0.3105,0.15775401069518716,0.13338885455881974,0.18561651021169848,0.4109311740890688,0.3679222176093177,0.4553458745647994,0
n=200 s=0.5 r=5 e=0.15 panel=7,0.04,2,200,0.3105,0.11497326203208556,0.09405440634435223,0.1398266290224808,0.4271255060728745,0.38319959201862347,0.4722315954743402,0.621
n=200 s=0.5 r=5 e=0.15 panel=7,0.04,4,200,0.3105,0.10294117647058823,0.08286676237316923,0.12720411524425615,0.4271255060728745,0.38423215538530087,0.4711434893620122,1.242
n=200 s=0.5 r=5 e=0.15 panel=7,0.04,6,200,0.3105,0.0748663101604278,0.05795769632165335,0.096204088328503,0.4271255060728745,0.38339866585238763,0.4720217062997432,1.863
n=200 s=0.5 r=5 e=0.15 panel=7,0.04,8,200,0.3105,0.08689839572192513,0.0687638270486006,0.10925436714706405,0.4311740890688259,0.38819898753610016,0.4752113436141401,2.484
n=200 s=0.5 r=5 e=0.15 panel=7,0.04,11,200,0.3105,0.06417112299465241,0.04874024282986898,0.0840556513700879,0.4271255060728745,0.38281456839420164,0.47263768183632043,3.4154999999999998
n=200 s=0.5 r=5 e=0.15 panel=7,0.06,0,200,0.4545,0.1925133689839572,0.16585795387453323,0.22231092853647927,0.3582995951417004,0.31725845799974395,0.40152751789780927,0
n=200 s=0.5 r=5 e=0.15 panel=7,0.06,2,200,0.4545,0.1537433155080214,0.1296688124119606,0.1813561464769622,0.3643724696356275,0.322920054274083,0.40794004295747344,0.909
n=200 s=0.5 r=5 e=0.15 panel=7,0.06,4,200,0.4545,0.12967914438502673,0.10590966746474628,0.15784147641157575,0.3562753036437247,0.31530231657828706,0.39946631611780253,1.818
n=200 s=0.5 r=5 e=0.15 panel=7,0.06,6,200,0.4545,0.09358288770053476,0.07473773412199622,0.11658113654299423,0.354251012145749,0.3133469873249084,0.3974043021697178,2.7270000000000003
n=200 s=0.5 r=5 e=0.15 panel=7,0.06,8,200,0.4545,0.09759358288770054,0.07798605934759087,0.1214813652954308,0.3562753036437247,0.31530231657828706,0.39946631611780253,3.636
n=200 s=0.5 r=5 e=0.15 panel=7,0.06,11,200,0.4545,0.07085561497326204,0.05427069427142567,0.09201570083940036,0.3603238866396761,0.31689898150584356,0.40616123625109907,4.9995
n=200 s=0.5 r=5 e=0.15 panel=11,0.02,0,200,0.211,0.1033210332103321,0.08401844563242528,0.1264460666893319,0.38253638253638256,0.3401966767745541,0.42673744582532436,0
n=200 s=0.5 r=5 e=0.15 panel=11,0.02,2,200,0.211,0.08241082410824108,0.06541469740232969,0.10333464475239051,0.40540540540540543,0.3624462474815624,0.44986353266524237,0.422
n=200 s=0.5 r=5 e=0.15 panel=11,0.02,4,200,0.211,0.07749077490774908,0.06103504520470095,0.0979204747662752,0.3991683991683992,0.3563683937635744,0.4435662070522505,0.844
n=200 s=0.5 r=5 e=0.15 panel=11,0.02,6,200,0.211,0.06150061500615006,0.046700276249538375,0.08059495085557569,0.40332640332640335,0.3604194876691376,0.44776523270067387,1.266
n=200 s=0.5 r=5 e=0.15 panel=11,0.02,8,200,0.211,0.05904059040590406,0.044818187287242364,0.07741049949469342,0.3970893970893971,0.3543440637892954,0.4414654772495362,1.688
n=200 s=0.5 r=5 e=0.15 panel=11,0.02,11,200,0.211,0.04797047970479705,0.0352877260525056,0.06490486081600598,0.40332640332640335,0.3604194876691376,0.44776523270067387,2.3209999999999997
n=200 s=0.5 r=5 e=0.15 panel=11,0.04,0,200,0.3925,0.15498154981549817,0.13131879265505395,0.18201476721745927,0.2785862785862786,0.2403976709208062,0.3202834628294072,0
n=200 s=0.5 r=5 e=0.15 panel=11,0.04,2,200,0.3925,0.11931119311193111,0.09879995855924917,0.14340304997355172,0.2993762993762994,0.2601687710195604,0.34176296050058597,0.785
n=200 s=0.5 r=5 e=0.15 panel=11,0.04,4,200,0.3925,0.12423124231242312,0.10274317443350668,0.14946477591761514,0.2972972972972973,0.2580135391680219,0.3398228859931885,1.57
n=200 s=0.5 r=5 e=0.15 panel=11,0.04,6,200,0.3925,0.08241082410824108,0.0646544734931924,0.10449886751935838,0.288981288981289,0.2502704440270154,0.33103598860816436,2.355
n=200 s=0.5 r=5 e=0.15 panel=11,0.04,8,200,0.3925,0.07995079950799508,0.06322232579060168,0.10063010527224649,0.2869022869022869,0.2482938190163264,0.3288875538418601,3.14
n=200 s=0.5 r=5 e=0.15 panel=11,0.04,11,200,0.3925,0.06765067650676507,0.052341499957651166,0.08702637564583679,0.2910602910602911,0.25224809092817146,0.3331834014840017,4.3175
n=200 s=0.5 r=5 e=0.15 panel=11,0.06,0,200,0.5535,0.17097170971709716,0.14665454055002336,0.19838360091209045,0.23492723492723494,0.19923213781405563,0.27482274061929834,0
n=200 s=0.5 r=5 e=0.15 panel=11,0.06,2,200,0.5535,0.14637146371463713,0.12373701752310032,0.17233201302029302,0.24740124740124741,0.20978510860230173,0.28929300101148725,1.107
n=200 s=0.5 r=5 e=0.15 panel=11,0.06,4,200,0.5535,0.14637146371463713,0.1234331060848496,0.1727325962799109,0.23700623700623702,0.2011806786611731,0.2769992595491742,2.214
n=200 s=0.5 r=5 e=0.15 panel=11,0.06,6,200,0.5535,0.09471094710947109,0.07604410352103079,0.11737789544455783,0.23700623700623702,0.2011806786611731,0.2769992595491742,3.3209999999999997
n=200 s=0.5 r=5 e=0.15 panel=11,0.06,8,200,0.5535,0.10209102091020911,0.08311520558202902,0.12480942530766757,0.2203742203742204,0.18562791476075685,0.259551545233644,4.428
n=200 s=0.5 r=5 e=0.15 panel=11,0.06,11,200,0.5535,0.07503075030750307,0.05885307510275853,0.09520553377634555,0.2286902286902287,0.19339404025382725,0.2682856588485468,6.0885
n=200 s=0.8 r=5 e=0.15 panel=7,0.02,0,200,0.134,0.12296110414052698,0.10195381526376601,0.1475855369008651,0.5957446808510638,0.5490708158323827,0.6407484129675387,0
n=200 s=0.8 r=5 e=0.15 panel=7,0.02,2,200,0.134,0.10414052697616061,0.08479973529656024,0.12727901880640521,0.6085106382978723,0.5625928196156535,0.6525848026034151,0.268
n=200 s=0.8 r=5 e=0.15 panel=7,0.02,4,200,0.134,0.1028858218318695,0.08366315558831149,0.1259182253105429,0.6148936170212767,0.5701373595983337,0.6577869766739557,0.536
n=200 s=0.8 r=5 e=0.15 panel=7,0.02,6,200,0.134,0.09159347553324969,0.07335876221153731,0.11380411028888343,0.6085106382978723,0.561888395719896,0.6532333957123834,0.804
n=200 s=0.8 r=5 e=0.15 panel=7,0.02,8,200,0.134,0.0890840652446675,0.0712275173191271,0.11088275833450581,0.6276595744680851,0.5819062477002566,0.671234784242505,1.072
n=200 s=0.8 r=5 e=0.15 panel=7,0.02,11,200,0.134,0.07904642409033877,0.06227007301265462,0.09986121700808993,0.6063829787234043,0.5598926277355629,0.6510233298473715,1.4740000000000002
n=200 s=0.8 r=5 e=0.15 panel=7,0.04,0,200,0.259,0.17565872020075282,0.150813621610213,0.20361540512708198,0.5255319148936171,0.4766292457261607,0.5739496924194261,0
n=200 s=0.8 r=5 e=0.15 panel=7,0.04,2,200,0.259,0.14303638644918445,0.12044009407595754,0.1690572293544503,0.548936170212766,0.5011957971474726,0.5957923388105376,0.518
n=200 s=0.8 r=5 e=0.15 panel=7,0.04,4,200,0.259,0.1329987452948557,0.1111749377207662,0.15834340007675324,0.5404255319148936,0.49354395821264674,0.5866023793680336,1.036
n=200 s=0.8 r=5 e=0.15 panel=7,0.04,6,200,0.259,0.11417816813048934,0.09345853445333174,0.13878806740702293,0.5425531914893617,0.49325332949561984,0.5910334758995237,1.554
n=200 s=0.8 r=5 e=0.15 panel=7,0.04,8,200,0.259,0.1053952321204517,0.0859372556149387,0.1286388716921378,0.5531914893617021,0.5052919181044223,0.6001235047533368,2.072
n=200 s=0.8 r=5 e=0.15 panel=7,0.04,11,200,0.259,0.09284818067754078,0.07460628715807592,0.11499610810789014,0.5404255319148936,0.49246211369725934,0.58765157970598,2.849
n=200 s=0.8 r=5 e=0.15 panel=7,0.06,0,200,0.37,0.21329987452948557,0.18627079441772446,0.24307942844290184,0.4787234042553192,0.4307643964039987,0.5270778569468579,0
n=200 s=0.8 r=5 e=0.15 panel=7,0.06,2,200,0.37,0.17314930991217065,0.14846440255088783,0.2009698777781851,0.4957446808510638,0.4478424073813079,0.5437252025781354,0.74
n=200 s=0.8 r=5 e=0.15 panel=7,0.06,4,200,0.37,0.15934755332496864,0.13558027154644567,0.18638290353740575,0.48936170212765956,0.44239559271840917,0.5365163796018488,1.48
n=200 s=0.8 r=5 e=0.15 panel=7,0.06,6,200,0.37,0.14303638644918445,0.12013014376641878,0.1694691031803892,0.48723404255319147,0.438002844526861,0.536714182423418,2.2199999999999998
n=200 s=0.8 r=5 e=0.15 panel=7,0.06,8,200,0.37,0.1342534504391468,0.11233075940099208,0.15968495160063845,0.4957446808510638,0.4493078131812769,0.5422550788577029,2.96
n=200 s=0.8 r=5 e=0.15 panel=7,0.06,11,200,0.37,0.11417816813048934,0.0939250579166843,0.1381326818191695,0.48936170212765956,0.441826766586208,0.537089810440764,4.07
n=200 s=0.8 r=5 e=0.15 panel=11,0.02,0,200,0.1525,0.12708600770218229,0.10551260513553068,0.15231924133406832,0.5587583148558758,0.5126274835621165,0.6038966348360117,0
n=200 s=0.8 r=5 e=0.15 panel=11,0.02,2,200,0.1525,0.110397946084724,0.0902738794098786,0.1343456228397713,0.5720620842572062,0.5259788639765076,0.6169280736815742,0.305
n=200 s=0.8 r=5 e=0.15 panel=11,0.02,4,200,0.1525,0.0962772785622593,0.07750074908532735,0.11901600036282715,0.5742793791574279,0.5282073195904954,0.6190967546109122,0.61
n=200 s=0.8 r=5 e=0.15 panel=11,0.02,6,200,0.1525,0.08600770218228498,0.06829397288261434,0.10778441089172537,0.5698447893569845,0.5237513327866782,0.6147584683280781,0.915
n=200 s=0.8 r=5 e=0.15 panel=11,0.02,8,200,0.1525,0.07958921694480103,0.06258069760678635,0.10072370762141909,0.5809312638580931,0.5348982515371684,0.6255972322942159,1.22
n=200 s=0.8 r=5 e=0.15 panel=11,0.02,11,200,0.1525,0.06546854942233633,0.050143074602273914,0.08505857782443613,0.5831485587583148,0.5371304237179352,0.6277621966567747,1.6775
n=200 s=0.8 r=5 e=0.15 panel=11,0.04,0,200,0.3075,0.1797175866495507,0.15434732593047212,0.20823114461742787,0.4611973392461197,0.4157121911678639,0.5073379193239382,0
n=200 s=0.8 r=5 e=0.15 panel=11,0.04,2,200,0.3075,0.15661103979460847,0.1327816652616302,0.1838104825201864,0.48337028824833705,0.4375856744581753,0.5294358014668828,0.615
n=200 s=0.8 r=5 e=0.15 panel=11,0.04,4,200,0.3075,0.13093709884467267,0.10904857967385141,0.15644765392342816,0.4811529933481153,0.43539427873824554,0.527230060643487,1.23
n=200 s=0.8 r=5 e=0.15 panel=11,0.04,6,200,0.3075,0.12066752246469833,0.09963485542788877,0.14542301249557596,0.47671840354767187,0.4310141814972266,0.5228158847978548,1.845
n=200 s=0.8 r=5 e=0.15 panel=11,0.04,8,200,0.3075,0.10911424903722722,0.08871835634610575,0.13351207895267028,0.49002217294900224,0.4441652451260763,0.5360476404289586,2.46
n=200 s=0.8 r=5 e=0.15 panel=11,0.04,11,200,0.3075,0.08857509627727857,0.07058844912329588,0.11059952606949754,0.5121951219512195,0.46615540898180713,0.5580288420064837,3.3825
n=200 s=0.8 r=5 e=0.15 panel=11,0.06,0,200,0.434,0.20539152759948653,0.17850077283017396,0.23517361190226316,0.401330376940133,0.3571093339912691,0.44721808983074174,0
n=200 s=0.8 r=5 e=0.15 panel=11,0.06,2,200,0.434,0.18741976893453144,0.16157355210721305,0.2163336926960481,0.41685144124168516,0.3722378033432253,0.4628695762820648,0.868
n=200 s=0.8 r=5 e=0.15 panel=11,0.06,4,200,0.434,0.1527599486521181,0.1292052605135247,0.1797225001406113,0.4079822616407982,0.3635873093282675,0.4539315241237201,1.736
n=200 s=0.8 r=5 e=0.15 panel=11,0.06,6,200,0.434,0.13735558408215662,0.11495658667880387,0.16331362546460992,0.4190687361419069,0.3735439632715295,0.46601446349487685,2.604
n=200 s=0.8 r=5 e=0.15 panel=11,0.06,8,200,0.434,0.1245186136071887,0.1026889488904295,0.15021199784273145,0.4146341463414634,0.37007377315244494,0.46063646992951957,3.472
n=200 s=0.8 r=5 e=0.15 panel=11,0.06,11,200,0.434,0.10012836970474968,0.0809720813416293,0.12320905523420579,0.44567627494456763,0.4004545123932284,0.4918156422952945,4.774
n=800 s=0.5 r=5 e=0.15 panel=7,0.02,0,200,0.1685,0.13080684596577016,0.10892435884903512,0.1563142670230686,0.47058823529411764,0.4257854452598848,0.515870035983169,0
n=800 s=0.5 r=5 e=0.15 panel=7,0.02,2,200,0.1685,0.1039119804400978,0.084819088431686,0.1267076688946588,0.4831932773109244,0.43759454018899013,0.5290736214509474,0.337
n=800 s=0.5 r=5 e=0.15 panel=7,0.02,4,200,0.1685,0.10513447432762836,0.08538688350699315,0.12880594444897614,0.49789915966386555,0.45317912763793206,0.5426528290151772,0.674
n=800 s=0.5 r=5 e=0.15 panel=7,0.02,6,200,0.1685,0.09657701711491443,0.07778761462631431,0.11931774769478029,0.49369747899159666,0.4462290923574984,0.5412797654558895,1.0110000000000001
n=800 s=0.5 r=5 e=0.15 panel=7,0.02,8,200,0.1685,0.07701711491442542,0.06036243048277215,0.0977887893476409,0.5084033613445378,0.4636051124961111,0.5530670608914523,1.348
n=800 s=0.5 r=5 e=0.15 panel=7,0.02,11,200,0.1685,0.07090464547677261,0.05431279863259231,0.09207160829022418,0.4957983193277311,0.44989782247555415,0.5417697493058299,1.8535000000000001
n=800 s=0.5 r=5 e=0.15 panel=7,0.04,0,200,0.3415,0.19437652811735942,0.16871272997974987,0.22289742227823225,0.36764705882352944,0.32412338362716053,0.4134400640478365,0
n=800 s=0.5 r=5 e=0.15 panel=7,0.04,2,200,0.3415,0.1466992665036675,0.12410529651536799,0.17259603949485938,0.37815126050420167,0.33426180036905756,0.42413212544228357,0.683
n=800 s=0.5 r=5 e=0.15 panel=7,0.04,4,200,0.3415,0.1466992665036675,0.12410529651536799,0.17259603949485938,0.4117647058823529,0.3678655641624562,0.4571142934087905,1.366
n=800 s=0.5 r=5 e=0.15 panel=7,0.04,6,200,0.3415,0.1234718826405868,0.1026714648730821,0.1477922427087518,0.38235294117647056,0.33766663863468654,0.4291215024330896,2.0490000000000004
n=800 s=0.5 r=5 e=0.15 panel=7,0.04,8,200,0.3415,0.08557457212713937,0.06801404230335113,0.10714779573996695,0.39915966386554624,0.3550160474961157,0.4450051366513579,2.732
n=800 s=0.5 r=5 e=0.15 panel=7,0.04,11,200,0.3415,0.0843520782396088,0.06624520848344514,0.10684182459308525,0.38865546218487396,0.3423426174782929,0.4370697776641856,3.7565000000000004
n=800 s=0.5 r=5 e=0.15 panel=7,0.06,0,200,0.48,0.22127139364303178,0.1941645118758117,0.25098394698346793,0.31932773109243695,0.2771048612653227,0.3647380961457834,0
n=800 s=0.5 r=5 e=0.15 panel=7,0.06,2,200,0.48,0.18337408312958436,0.1583560603401913,0.21135205739907817,0.31512605042016806,0.2727857238496,0.3607778635419464,0.96
n=800 s=0.5 r=5 e=0.15 panel=7,0.06,4,200,0.48,0.1784841075794621,0.15320689980844643,0.20691269966597953,0.35084033613445376,0.3091267196227882,0.39496484650073255,1.92
n=800 s=0.5 r=5 e=0.15 panel=7,0.06,6,200,0.48,0.14547677261613692,0.12297168017107547,0.17129609644818375,0.3025210084033613,0.26105763232776114,0.34747321525313124,2.88
n=800 s=0.5 r=5 e=0.15 panel=7,0.06,8,200,0.48,0.10024449877750612,0.08112527792731022,0.12326518590664728,0.3277310924369748,0.2870894947573079,0.3711309507976414,3.84
n=800 s=0.5 r=5 e=0.15 panel=7,0.06,11,200,0.48,0.09902200488997555,0.07962521117101967,0.12251490485432581,0.3172268907563025,0.2755750121281242,0.3620281153516115,5.279999999999999
n=800 s=0.5 r=5 e=0.15 panel=11,0.02,0,200,0.1925,0.1141826923076923,0.094322607845742,0.13758914620171697,0.4,0.35503172579737396,0.4467190015978989,0
n=800 s=0.5 r=5 e=0.15 panel=11,0.02,2,200,0.1925,0.09495192307692307,0.07685301739505886,0.11677396426847285,0.4068965517241379,0.3617420477219816,0.4536810433012034,0.385
n=800 s=0.5 r=5 e=0.15 panel=11,0.02,4,200,0.1925,0.09014423076923077,0.07252155341770579,0.1115342351498441,0.41379310344827586,0.36846166740757,0.4606337872435272,0.77
n=800 s=0.5 r=5 e=0.15 panel=11,0.02,6,200,0.1925,0.06971153846153846,0.0541433473234634,0.08933336849969076,0.42298850574712643,0.37743550274984866,0.46988977007179816,1.155
n=800 s=0.5 r=5 e=0.15 panel=11,0.02,8,200,0.1925,0.06850961538461539,0.05325246653956175,0.08773295309606996,0.42298850574712643,0.3764807558727362,0.47090249806637696,1.54
n=800 s=0.5 r=5 e=0.15 panel=11,0.02,11,200,0.1925,0.07091346153846154,0.05537294566310283,0.09039807052051979,0.4114942528735632,0.3657134476025503,0.4588600810722915,2.1175
n=800 s=0.5 r=5 e=0.15 panel=11,0.04,0,200,0.382,0.15745192307692307,0.1342840406692135,0.18376845124208185,0.2827586206896552,0.24248317025088584,0.3268373754698791,0
n=800 s=0.5 r=5 e=0.15 panel=11,0.04,2,200,0.382,0.1310096153846154,0.1097685246515168,0.15564240523187858,0.2988505747126437,0.2577473005211781,0.34347542699804867,0.764
n=800 s=0.5 r=5 e=0.15 panel=11,0.04,4,200,0.382,0.12259615384615384,0.10202877385237263,0.14663256811305453,0.30114942528735633,0.25993305694070323,0.345847125121161,1.528
n=800 s=0.5 r=5 e=0.15 panel=11,0.04,6,200,0.382,0.0889423076923077,0.07144120122585043,0.11022178906770402,0.3103448275862069,0.2686886624419938,0.35532133779042,2.292
n=800 s=0.5 r=5 e=0.15 panel=11,0.04,8,200,0.382,0.09495192307692307,0.07628242162130028,0.11760887564671649,0.3057471264367816,0.2631690299115839,0.35192375919986857,3.056
n=800 s=0.5 r=5 e=0.15 panel=11,0.04,11,200,0.382,0.09735576923076923,0.07902454545732811,0.11938803275419453,0.2850574712643678,0.24245369442349735,0.33186793122735153,4.202
n=800 s=0.5 r=5 e=0.15 panel=11,0.06,0,200,0.5505,0.1778846153846154,0.15339762096527884,0.20533244160393924,0.23908045977011494,0.2013933780551788,0.28133553135547523,0
n=800 s=0.5 r=5 e=0.15 panel=11,0.06,2,200,0.5505,0.15264423076923078,0.12934544460326092,0.17927563627013404,0.2574712643678161,0.21863055917680066,0.3005579865749528,1.101
n=800 s=0.5 r=5 e=0.15 panel=11,0.06,4,200,0.5505,0.13942307692307693,0.11753914214475228,0.16462137565661125,0.24367816091954023,0.20569353676439533,0.28615028173153356,2.202
n=800 s=0.5 r=5 e=0.15 panel=11,0.06,6,200,0.5505,0.10817307692307693,0.08884052505623732,0.1311072376212444,0.25517241379310346,0.21647066257460526,0.2981604286345107,3.303
n=800 s=0.5 r=5 e=0.15 panel=11,0.06,8,200,0.5505,0.11778846153846154,0.09762094444562949,0.14146920442381586,0.24597701149425288,0.20732412319497234,0.2892070066062319,4.404
n=800 s=0.5 r=5 e=0.15 panel=11,0.06,11,200,0.5505,0.109375,0.08940729452574153,0.13315009703487427,0.20919540229885059,0.1728445790914357,0.25087247352745673,6.0555
n=800 s=0.8 r=5 e=0.15 panel=7,0.02,0,200,0.159,0.1407035175879397,0.11827003399864877,0.1665882417359314,0.5674518201284796,0.5192562941773035,0.6144036355816908,0
n=800 s=0.8 r=5 e=0.15 panel=7,0.02,2,200,0.159,0.12185929648241206,0.10093247921444576,0.14641836342929068,0.576017130620985,0.5284276102602152,0.6222373433559882,0.318
n=800 s=0.8 r=5 e=0.15 panel=7,0.02,4,200,0.159,0.11683417085427136,0.09633711010849405,0.14101175037768407,0.5931477516059958,0.545120879195192,0.6394576607734059,0.636
n=800 s=0.8 r=5 e=0.15 panel=7,0.02,6,200,0.159,0.09798994974874371,0.07922686997463657,0.12061455742069782,0.5910064239828694,0.542215266372254,0.6380685381236179,0.954
n=800 s=0.8 r=5 e=0.15 panel=7,0.02,8,200,0.159,0.08919597989949749,0.0708455227129727,0.11172803362557476,0.5781584582441114,0.5288107886397337,0.6259931945450576,1.272
n=800 s=0.8 r=5 e=0.15 panel=7,0.02,11,200,0.159,0.08040201005025126,0.0629086976917214,0.10222909682053687,0.588865096359743,0.5400464472903711,0.6359947027619687,1.749
n=800 s=0.8 r=5 e=0.15 panel=7,0.04,0,200,0.2895,0.1922110552763819,0.16535974212753787,0.2222614264231568,0.47109207708779444,0.4242818592275798,0.5184163212710724,0
n=800 s=0.8 r=5 e=0.15 panel=7,0.04,2,200,0.2895,0.14949748743718594,0.12641200052319135,0.17594974398711588,0.49036402569593146,0.44378658384902847,0.5371093715108792,0.579
n=800 s=0.8 r=5 e=0.15 panel=7,0.04,4,200,0.2895,0.14195979899497488,0.1190224543540206,0.16847218175956108,0.4925053533190578,0.4446319068050871,0.540516640314315,1.158
n=800 s=0.8 r=5 e=0.15 panel=7,0.04,6,200,0.2895,0.11934673366834171,0.09863321295015402,0.14371663861480327,0.4989293361884368,0.45095589271972425,0.5469225004957959,1.7369999999999999
n=800 s=0.8 r=5 e=0.15 panel=7,0.04,8,200,0.2895,0.1092964824120603,0.08840051340693715,0.13440356238747522,0.48822269807280516,0.4396689577481923,0.5369997002965444,2.316
n=800 s=0.8 r=5 e=0.15 panel=7,0.04,11,200,0.2895,0.09547738693467336,0.07693456941749008,0.11791848047527659,0.4989293361884368,0.45242153106672184,0.5454556753387264,3.1845
n=800 s=0.8 r=5 e=0.15 panel=7,0.06,0,200,0.4055,0.2185929648241206,0.1897658827899839,0.250445543920566,0.41541755888650966,0.37154632718543157,0.46067177888838806,0
n=800 s=0.8 r=5 e=0.15 panel=7,0.06,2,200,0.4055,0.16834170854271358,0.14395499770613804,0.1959141798950129,0.4411134903640257,0.3967428753075943,0.4864449813060581,0.811
n=800 s=0.8 r=5 e=0.15 panel=7,0.06,4,200,0.4055,0.157035175879397,0.13215685890877601,0.18559523409162001,0.43897216274089934,0.3935613387014128,0.48542852808651066,1.622
n=800 s=0.8 r=5 e=0.15 panel=7,0.06,6,200,0.4055,0.13944723618090452,0.11652500259424457,0.16603121696708742,0.4411134903640257,0.395714145426795,0.4875192887153241,2.4330000000000003
n=800 s=0.8 r=5 e=0.15 panel=7,0.06,8,200,0.4055,0.12562814070351758,0.10345820020727055,0.15174475776104254,0.42398286937901497,0.37934175008452103,0.46990003942652,3.244
n=800 s=0.8 r=5 e=0.15 panel=7,0.06,11,200,0.4055,0.11306532663316583,0.09248474900492898,0.13753163363285906,0.43254817987152033,0.38831700507599987,0.4778814150081583,4.460500000000001
n=800 s=0.8 r=5 e=0.15 panel=11,0.02,0,200,0.162,0.10191082802547771,0.08246287660230359,0.12531891831427658,0.5370370370370371,0.49258903433250767,0.5809041323885595,0
n=800 s=0.8 r=5 e=0.15 panel=11,0.02,2,200,0.162,0.09681528662420383,0.07805007012855729,0.11950731872074931,0.5452674897119342,0.5008146628243787,0.5890103187235923,0.324
n=800 s=0.8 r=5 e=0.15 panel=11,0.02,4,200,0.162,0.08917197452229299,0.07118448080837808,0.11116072583901959,0.5555555555555556,0.5111136520619136,0.5991260980196872,0.648
n=800 s=0.8 r=5 e=0.15 panel=11,0.02,6,200,0.162,0.0751592356687898,0.057872546994066146,0.09707744681162601,0.5534979423868313,0.5090523424666955,0.5971044539081791,0.972
n=800 s=0.8 r=5 e=0.15 panel=11,0.02,8,200,0.162,0.08152866242038216,0.06433513449430524,0.10281224975011553,0.5720164609053497,0.5276315064886903,0.615271873246718,1.296
n=800 s=0.8 r=5 e=0.15 panel=11,0.02,11,200,0.162,0.07261146496815286,0.05597691832429949,0.0936986252237911,0.5617283950617284,0.5173021323100663,0.6051864788917124,1.782
n=800 s=0.8 r=5 e=0.15 panel=11,0.04,0,200,0.3145,0.14522292993630573,0.12114121477629422,0.17314870483921288,0.4382716049382716,0.39481352110828777,0.4826978676899338,0
n=800 s=0.8 r=5 e=0.15 panel=11,0.04,2,200,0.3145,0.13248407643312102,0.10970652074562434,0.15914540602707708,0.4403292181069959,0.39683288840304093,0.4847614541019066,0.629
n=800 s=0.8 r=5 e=0.15 panel=11,0.04,4,200,0.3145,0.12611464968152866,0.10326193160686348,0.15316105297880062,0.4444444444444444,0.4008739019803129,0.4888863479380865,1.258
n=800 s=0.8 r=5 e=0.15 panel=11,0.04,6,200,0.3145,0.10445859872611465,0.08367375963518169,0.12967580483197735,0.4506172839506173,0.40694110384154636,0.4950680071970309,1.887
n=800 s=0.8 r=5 e=0.15 panel=11,0.04,8,200,0.3145,0.10445859872611465,0.08445214167268139,0.12853912315014984,0.46502057613168724,0.42112429124242634,0.5094654957432326,2.516
n=800 s=0.8 r=5 e=0.15 panel=11,0.04,11,200,0.3145,0.09554140127388536,0.07610790549832297,0.11929633794055963,0.46296296296296297,0.4190958676114406,0.5074109656674924,3.4595000000000002
n=800 s=0.8 r=5 e=0.15 panel=11,0.06,0,200,0.4505,0.1643312101910828,0.1385330312999495,0.19385255028320317,0.39300411522633744,0.3505825126908848,0.4371038945593658,0
n=800 s=0.8 r=5 e=0.15 panel=11,0.06,2,200,0.4505,0.15414012738853503,0.12982800149167895,0.18205253296806223,0.38477366255144035,0.34258139764665296,0.42877319477669396,0.901
n=800 s=0.8 r=5 e=0.15 panel=11,0.06,4,200,0.4505,0.14267515923566879,0.11865626798809982,0.17061484313128908,0.39094650205761317,0.34858103173911076,0.4350224218044139,1.802
n=800 s=0.8 r=5 e=0.15 panel=11,0.06,6,200,0.4505,0.12738853503184713,0.10551620463444987,0.15301914365661623,0.39300411522633744,0.3505825126908848,0.4371038945593658,2.7030000000000003
n=800 s=0.8 r=5 e=0.15 panel=11,0.06,8,200,0.4505,0.12484076433121019,0.10339747252320035,0.14998719446059677,0.4012345679012346,0.3580441393510629,0.44601521866516386,3.604
n=800 s=0.8 r=5 e=0.15 panel=11,0.06,11,200,0.4505,0.12101910828025478,0.09945748180192727,0.14649472939276256,0.4053497942386831,0.36260807659194516,0.4495760528986612,4.9555
