tau,n,false_pass,false_pass_lo,false_pass_hi,false_fail,false_fail_lo,false_fail_hi
0.7,100,0.0003125,0.00016975809632467547,0.0005751980631217117,0.07610173558345996,0.07270535876495345,0.07964314475637767
0.7,200,0.00003125,0.0000055162929814783854,0.00017701113440994149,0.021184574105962917,0.019433038999054814,0.023090260774638775
0.7,800,0,0.00000000000000000010842021724855044,0.0011990165150394592,0.0002797314578005115,0.00013551084767376292,0.0005773536176877181
0.75,100,0.00033856571252693137,0.0001890663609914365,0.0006062061479066849,0.10201581467869474,0.09750252913775417,0.1067133126940791
0.75,200,0.00009262689885142645,0.00003150199320234015,0.00027232324109949593,0.025409057910314403,0.02316622846499306,0.02786283244045497
0.75,800,0,0.00000000000000000010842021724855044,0.0012001253725080164,0.0004450625869262865,0.00022554093959894838,0.0008780595825002998
0.8,100,0.0008719290147202133,0.0006240578212410262,0.0012181328265812195,0.15532100319550693,0.148198333902149,0.16272060507940592
0.8,200,0.000051243946808783214,0.000014053051022517668,0.00018684082520134873,0.0439922480620155,0.0401127509630553,0.048228098381867764
0.8,800,0,0.00000000000000000010842021724855044,0.0012133609891278032,0.0002878802418194031,0.00009790998204277422,0.0008461292016291314
0.85,100,0.0005212631944746101,0.0003503277313142712,0.0007755385180202429,0.2837209302325581,0.26151848281542245,0.3070246558992178
0.85,200,0.00002169526826199206,0.000003829757839935649,0.00012289169716284208,0.09752747252747253,0.08297394368351851,0.11431545944477589
0.85,800,0,0,0.0012133229015355927,0.00395778364116095,0.0018151117578005397,0.008607987789033874
0.9,100,0.00014905073314329365,0.00007552958240603166,0.0002941169594069011,NaN,0,1
0.9,200,0.000018628912071535022,0.0000032884679813262777,0.00010552376791604217,NaN,0,1
0.9,800,0,0,0.001208230736265716,NaN,0,1
