cell,kind,runs,kept,kept_lo,kept_hi
n=300 a=30 m=2,good,200,0.302,0.2743457378772452,0.33116965848303465
n=300 a=30 m=2,flat,200,0.025,0.013635091745936023,0.045401587871645666
n=300 a=30 m=2,too hard,200,0,0.000000000000000001734723475976807,0.018845326377266575
n=300 a=30 m=2,guessable,200,0.22,0.16816538358833258,0.28238799918293667
n=300 a=30 m=2,keyed backwards,200,0,0.000000000000000001734723475976807,0.018845326377266575
n=300 a=30 m=5,good,200,0.794,0.7678312571433845,0.8179186088671091
n=300 a=30 m=5,flat,200,0.1225,0.09385078404389778,0.15836632689862146
n=300 a=30 m=5,too hard,200,0.01,0.0027466581335444384,0.0357217617161768
n=300 a=30 m=5,guessable,200,0.87,0.8163364812775159,0.9097179772033067
n=300 a=30 m=5,keyed backwards,200,0,0.000000000000000001734723475976807,0.018845326377266575
n=300 a=60 m=2,good,200,0.351,0.3194022950577424,0.3839601178384501
n=300 a=60 m=2,flat,200,0.0275,0.015423636260295411,0.048565481885614784
n=300 a=60 m=2,too hard,200,0.005,0.0008831687156009814,0.02777370439789293
n=300 a=60 m=2,guessable,200,0.255,0.1996049517203135,0.3196292582045472
n=300 a=60 m=2,keyed backwards,200,0,0.000000000000000001734723475976807,0.018845326377266575
n=300 a=60 m=4,good,200,0.788,0.7615898394196515,0.8122059476926687
n=300 a=60 m=4,flat,200,0.105,0.07862372743733602,0.1388909850867582
n=300 a=60 m=4,too hard,200,0,0.000000000000000001734723475976807,0.018845326377266575
n=300 a=60 m=4,guessable,200,0.83,0.7718411637168737,0.8757209208741302
n=300 a=60 m=4,keyed backwards,200,0,0.000000000000000001734723475976807,0.018845326377266575
n=300 a=60 m=5,good,200,0.826,0.8012673037329014,0.8482376497345165
n=300 a=60 m=5,flat,200,0.0925,0.06785393449857381,0.12489858538387784
n=300 a=60 m=5,too hard,200,0.03,0.013820314340111346,0.06389429245451925
n=300 a=60 m=5,guessable,200,0.905,0.8563983883518006,0.9383368972826135
n=300 a=60 m=5,keyed backwards,200,0,0.000000000000000001734723475976807,0.018845326377266575
n=600 a=30 m=2,good,200,0.309,0.28113685771666347,0.33832496402481854
n=600 a=30 m=2,flat,200,0,0.000000000000000001734723475976807,0.018845326377266575
n=600 a=30 m=2,too hard,200,0,0.000000000000000001734723475976807,0.018845326377266575
n=600 a=30 m=2,guessable,200,0.135,0.09446570454787906,0.18929138370752552
n=600 a=30 m=2,keyed backwards,200,0,0.000000000000000001734723475976807,0.018845326377266575
n=600 a=30 m=4,good,200,0.761,0.7336003718062974,0.7864020602642429
n=600 a=30 m=4,flat,200,0.04,0.024769063069711758,0.06398224771784103
n=600 a=30 m=4,too hard,200,0,0.000000000000000001734723475976807,0.018845326377266575
n=600 a=30 m=4,guessable,200,0.9,0.8505941875672826,0.9343295513309041
n=600 a=30 m=4,keyed backwards,200,0,0.000000000000000001734723475976807,0.018845326377266575
n=600 a=30 m=5,good,200,0.833,0.8086179403533302,0.85483343849529
n=600 a=30 m=5,flat,200,0.06,0.040647970113724695,0.0877228489004562
n=600 a=30 m=5,too hard,200,0,0.000000000000000001734723475976807,0.018845326377266575
n=600 a=30 m=5,guessable,200,0.945,0.9042130012276914,0.9690146582965411
n=600 a=30 m=5,keyed backwards,200,0,0.000000000000000001734723475976807,0.018845326377266575
n=600 a=60 m=2,good,200,0.413,0.3828725319393248,0.44379332403716176
n=600 a=60 m=2,flat,200,0,0.000000000000000001734723475976807,0.018845326377266575
n=600 a=60 m=2,too hard,200,0,0.000000000000000001734723475976807,0.018845326377266575
n=600 a=60 m=2,guessable,200,0.21,0.15928412069979,0.2716461685990246
n=600 a=60 m=2,keyed backwards,200,0,0.000000000000000001734723475976807,0.018845326377266575
n=600 a=60 m=4,good,200,0.814,0.7886979748203968,0.8368988208506745
n=600 a=60 m=4,flat,200,0.05,0.03259742983714726,0.07596363506371961
n=600 a=60 m=4,too hard,200,0.005,0.0008831687156009814,0.02777370439789293
n=600 a=60 m=4,guessable,200,0.87,0.8163364812775159,0.9097179772033067
n=600 a=60 m=4,keyed backwards,200,0,0.000000000000000001734723475976807,0.018845326377266575
n=600 a=60 m=5,good,200,0.836,0.8117726060331938,0.857655812264513
n=600 a=60 m=5,flat,200,0.055,0.03659849414955068,0.08186744780797323
n=600 a=60 m=5,too hard,200,0,0.000000000000000001734723475976807,0.018845326377266575
n=600 a=60 m=5,guessable,200,0.895,0.8448196800887696,0.9302925120731899
n=600 a=60 m=5,keyed backwards,200,0,0.000000000000000001734723475976807,0.018845326377266575
n=1500 a=30 m=2,good,200,0.255,0.2289585370509225,0.2829165746069995
n=1500 a=30 m=2,flat,200,0,0.000000000000000001734723475976807,0.018845326377266575
n=1500 a=30 m=2,too hard,200,0,0.000000000000000001734723475976807,0.018845326377266575
n=1500 a=30 m=2,guessable,200,0.035,0.017055542008567192,0.07047061152229073
n=1500 a=30 m=2,keyed backwards,200,0,0.000000000000000001734723475976807,0.018845326377266575
n=1500 a=30 m=4,good,200,0.774,0.7470576210232625,0.7988453153266535
n=1500 a=30 m=4,flat,200,0.02,0.010168386791664645,0.03896341576926
n=1500 a=30 m=4,too hard,200,0,0.000000000000000001734723475976807,0.018845326377266575
n=1500 a=30 m=4,guessable,200,0.705,0.6384128547538122,0.7638605614315084
n=1500 a=30 m=4,keyed backwards,200,0,0.000000000000000001734723475976807,0.018845326377266575
n=1500 a=30 m=5,good,200,0.81,0.7845166798033586,0.8331107299355974
n=1500 a=30 m=5,flat,200,0.0125,0.005350750779971611,0.028923736195967484
n=1500 a=30 m=5,too hard,200,0,0.000000000000000001734723475976807,0.018845326377266575
n=1500 a=30 m=5,guessable,200,0.765,0.7015863111723746,0.8184256658476741
n=1500 a=30 m=5,keyed backwards,200,0,0.000000000000000001734723475976807,0.018845326377266575
n=1500 a=60 m=2,good,200,0.399,0.3690912514553691,0.42968175375871304
n=1500 a=60 m=2,flat,200,0,0.000000000000000001734723475976807,0.018845326377266575
n=1500 a=60 m=2,too hard,200,0,0.000000000000000001734723475976807,0.018845326377266575
n=1500 a=60 m=2,guessable,200,0.13,0.0902820227966932,0.18366351872248407
n=1500 a=60 m=2,keyed backwards,200,0,0.000000000000000001734723475976807,0.018845326377266575
n=1500 a=60 m=4,good,200,0.787,0.7605503974702781,0.8112530431590133
n=1500 a=60 m=4,flat,200,0.0075,0.0025538891952499396,0.021815720724032123
n=1500 a=60 m=4,too hard,200,0,0.000000000000000001734723475976807,0.018845326377266575
n=1500 a=60 m=4,guessable,200,0.61,0.5409374595716976,0.6749165686253038
n=1500 a=60 m=4,keyed backwards,200,0,0.000000000000000001734723475976807,0.018845326377266575
n=1500 a=60 m=5,good,200,0.841,0.8170364534597756,0.8623536972530759
n=1500 a=60 m=5,flat,200,0.025,0.013635091745936023,0.045401587871645666
n=1500 a=60 m=5,too hard,200,0,0.000000000000000001734723475976807,0.018845326377266575
n=1500 a=60 m=5,guessable,200,0.65,0.5816346433604008,0.7127117587264192
n=1500 a=60 m=5,keyed backwards,200,0,0.000000000000000001734723475976807,0.018845326377266575
n=300 a=30 m=4,good,200,0.753,0.7253357631562045,0.7787278970501046
n=300 a=30 m=4,flat,200,0.105,0.07862372743733602,0.1388909850867582
n=300 a=30 m=4,too hard,200,0,0.000000000000000001734723475976807,0.018845326377266575
n=300 a=30 m=4,guessable,200,0.84,0.7828592983793289,0.8843258796841297
n=300 a=30 m=4,keyed backwards,200,0,0.000000000000000001734723475976807,0.018845326377266575
