cell,runs,admitted,kr20,mixtures,classes_mean,non_uniform,power,power_lo,power_hi,power_axis2,all_biased,all_biased_lo,all_biased_hi,clean_fp,clean_fp_lo,clean_fp_hi,target_fp,target_fp_lo,target_fp_hi,batch_fp,batch_fp_lo,batch_fp_hi,admitted_batch_fp,admitted_batch_fp_lo,admitted_batch_fp_hi,admitted_power,admitted_power_lo,admitted_power_hi,admitted_clean_fp,admitted_clean_fp_lo,admitted_clean_fp_hi,biased_gap_mean,biased_gap_median,true_gap,biased_a_gap_mean,biased_a_gap_median,max_clean_gap_median,max_clean_gap_p95,fit_seconds,floor_true,floor_fitted,floor_fitted_sd,anchor_floor
n=3000 a=60 k=8 lay=c2 d=0.9 al=0 pi=0.5 im=0 g=0.2 atk=none m=5,100,0.13,0.8930538806307784,0.09,1.09,0,0.09,0.04807254000256516,0.1622621285271631,NaN,0.09,0.04807254000256516,0.1622621285271631,0,0.000000000000000003469446951953614,0.03699349820698568,NaN,0,1,0,0.000000000000000003469446951953614,0.03699349820698568,0,0,0.22809537235419838,0.15384615384615385,0.043258178358081184,0.4223463101948254,0,0,0.22809537235419838,0.5386609151716292,2.1488633776145485,1.8,0,0,0,0.24084798938101942,33.22272,0.2,0.20115997765631158,0.040769779078442626,0.20274892080749052
n=3000 a=60 k=8 lay=c3 d=0.9 al=0 pi=0.5 im=0 g=0.2 atk=none m=5,100,0.1,0.8940299819990303,0.96,1.96,0,0.96,0.9016292856411208,0.9843366960084523,NaN,0.96,0.9016292856411208,0.9843366960084523,0,0.000000000000000003469446951953614,0.03699349820698568,NaN,0,1,0,0.000000000000000003469446951953614,0.03699349820698568,0,0,0.2775327998628892,0.9,0.5958499732047615,0.9821237869049271,0,0,0.2775327998628892,2.0448136278300173,1.8664652337025487,1.8,0,0,0.26391759197461073,0.5084639165321732,77.13304999999997,0.2,0.20373107964868062,0.039537349487143256,0.20310453437148052
n=3000 a=60 k=8 lay=c3 d=0.7 al=0 pi=0.5 im=0 g=0.2 atk=none m=5,100,0.15,0.8938748610102154,0.23,1.23,0,0.22666666666666666,0.1557002330964164,0.3178035366269839,NaN,0.22,0.150012823846054,0.31070353514985793,0.002,0.0003526417063857718,0.011256303256872865,NaN,0,1,0.01,0.0017674320641406505,0.054486196178705315,0,0,0.20388330103584862,0.26666666666666666,0.10897453325692374,0.5195043405598057,0,0,0.20388330103584862,0.43002215348525274,1.565976178495294,1.4,0,0,0,0.3858052006293448,35.83305999999999,0.2,0.19956366403571532,0.037906621119379945,0.20361267511988387
n=6000 a=60 k=8 lay=c2 d=0.7 al=0 pi=0.5 im=0 g=0.2 atk=none m=5,100,0.15,0.8932568022355979,0.02,1.02,0,0.02,0.00550196755016235,0.07001179072854388,NaN,0.02,0.00550196755016235,0.07001179072854388,0,0.000000000000000003469446951953614,0.03699349820698568,NaN,0,1,0,0.000000000000000003469446951953614,0.03699349820698568,0,0,0.20388330103584862,0,0,0.20388330103584862,0,0,0.20388330103584862,0.04254522486607965,1.526324741617474,1.4,0,0,0,0,54.034079999999996,0.2,0.20173560567912893,0.03642062185372123,0.20171154893983234
n=6000 a=60 k=8 lay=c2 d=0.9 al=0 pi=0.5 im=0 g=0.2 atk=none m=5,100,0.17,0.8937841521131967,0.7,1.7,0,0.7,0.6041514536665332,0.7810511470506724,NaN,0.7,0.6041514536665332,0.7810511470506724,0,0.000000000000000003469446951953614,0.03699349820698568,NaN,0,1,0,0.000000000000000003469446951953614,0.03699349820698568,0,0,0.1843181350088518,0.7058823529411765,0.4686688993346016,0.8672001038970478,0,0,0.1843181350088518,1.6884455894368902,1.8439198729789752,1.8,0,0,0.16831250733400166,0.34628858103963345,136.47790999999998,0.2,0.20137722286502413,0.035343901152012885,0.20180762299410449
n=6000 a=60 k=8 lay=c3 d=0.7 al=0 pi=0.5 im=0 g=0.2 atk=none m=5,100,0.12,0.8932302172297142,0.82,1.82,0,0.81,0.7238597062466463,0.8739485996690388,NaN,0.79,0.7002003116591013,0.858343459380847,0,0.000000000000000003469446951953614,0.03699349820698568,NaN,0,1,0,0.000000000000000003469446951953614,0.03699349820698568,0,0.000000000000000027755575615628914,0.24249400665524085,0.8888888888888888,0.6319996112227461,0.9738670620596445,0,0.000000000000000027755575615628914,0.24249400665524085,1.2747411667172102,1.4492022414464687,1.4,0,0,0.21215860219316682,0.40844583283881636,139.89849,0.2,0.20348942524615862,0.03501969099587203,0.20156504848561657
n=6000 a=60 k=8 lay=c3 d=0.9 al=0 pi=0.5 im=0 g=0.2 atk=none m=5,100,0.08,0.893579031358066,1,2,0,1,0.9630065017930143,1,NaN,1,0.9630065017930143,1,0,0.000000000000000003469446951953614,0.03699349820698568,NaN,0,1,0,0.000000000000000003469446951953614,0.03699349820698568,0,0,0.32440756488388023,1,0.6755924351161198,1,0,0,0.32440756488388023,1.9677769834724113,1.8183266019872377,1.8,0,0,0.17585546443731204,0.3087143200122776,144.53850999999997,0.2,0.2018067892616427,0.03585720400357057,0.2014557491823228
n=12000 a=60 k=8 lay=c2 d=0.7 al=0 pi=0.5 im=0 g=0.2 atk=none m=5,100,0.1,0.8929572948345669,0.31,1.31,0,0.28,0.2036768085353542,0.37157812915042854,NaN,0.25,0.17545211362287672,0.34304463548061603,0,0.000000000000000003469446951953614,0.03699349820698568,NaN,0,1,0,0.000000000000000003469446951953614,0.03699349820698568,0,0,0.2775327998628892,0.3,0.10779126740630099,0.6032218525388546,0,0,0.2775327998628892,0.6217382131554533,1.4696173739008302,1.4,0,0,0,0.27541231881763245,165.75396999999998,0.2,0.2016768937424631,0.029238955983978347,0.20093340045618782
n=12000 a=60 k=8 lay=c2 d=0.9 al=0 pi=0.5 im=0 g=0.2 atk=none m=5,100,0.12,0.8934241224186958,0.98,1.98,0,0.97,0.9218977068783344,0.9888354297901373,NaN,0.96,0.9016292856411208,0.9843366960084523,0,0.000000000000000003469446951953614,0.03699349820698568,NaN,0,1,0,0.000000000000000003469446951953614,0.03699349820698568,0,0.000000000000000027755575615628914,0.24249400665524085,1,0.7575059933447592,1,0,0.000000000000000027755575615628914,0.24249400665524085,2.490602461535805,1.8220959549509237,1.8,0,0,0.15404820318304396,0.2771455032679247,338.8479499999999,0.2,0.20039213263534933,0.029371881677316847,0.200624720646061
n=3000 a=60 k=8 lay=c2 d=0.9 al=0 pi=0.5 im=0 g=0.5 atk=none m=2,100,0,0.785451585618869,0,1,0,0,0.000000000000000003469446951953614,0.03699349820698568,NaN,0,0.000000000000000003469446951953614,0.03699349820698568,0,0.000000000000000003469446951953614,0.03699349820698568,NaN,0,1,0,0.000000000000000003469446951953614,0.03699349820698568,NaN,0,1,NaN,0,1,NaN,0,1,0,NaN,1.8,0,NaN,0,0,37.886210000000005,0.5,0.5015192326751227,0.04729741588414885,0.4990501691095328
n=3000 a=60 k=8 lay=c3 d=0.9 al=0 pi=0.5 im=0 g=0.5 atk=none m=2,100,0,0.786107493351912,0,1,0,0,0.000000000000000003469446951953614,0.03699349820698568,NaN,0,0.000000000000000003469446951953614,0.03699349820698568,0,0.000000000000000003469446951953614,0.03699349820698568,NaN,0,1,0,0.000000000000000003469446951953614,0.03699349820698568,NaN,0,1,NaN,0,1,NaN,0,1,0,NaN,1.8,0,NaN,0,0,34.320299999999996,0.5,0.5009624173472336,0.04663627482415909,0.5000553834771605
n=3000 a=60 k=8 lay=c3 d=0.7 al=0 pi=0.5 im=0 g=0.5 atk=none m=2,100,0,0.7852255042557513,0,1,0,0,0.000000000000000003469446951953614,0.03699349820698568,NaN,0,0.000000000000000003469446951953614,0.03699349820698568,0,0.000000000000000003469446951953614,0.03699349820698568,NaN,0,1,0,0.000000000000000003469446951953614,0.03699349820698568,NaN,0,1,NaN,0,1,NaN,0,1,0,NaN,1.4,0,NaN,0,0,39.74722999999999,0.5,0.5021780424161977,0.04734694094565179,0.5008378489443355
n=6000 a=60 k=8 lay=c2 d=0.7 al=0 pi=0.5 im=0 g=0.5 atk=none m=2,100,0,0.7854123872007199,0,1,0,0,0.000000000000000003469446951953614,0.03699349820698568,NaN,0,0.000000000000000003469446951953614,0.03699349820698568,0,0.000000000000000003469446951953614,0.03699349820698568,NaN,0,1,0,0.000000000000000003469446951953614,0.03699349820698568,NaN,0,1,NaN,0,1,NaN,0,1,0,NaN,1.4,0,NaN,0,0,70.36492000000003,0.5,0.4993605319804893,0.04042511202755683,0.4994685461023986
n=6000 a=60 k=8 lay=c2 d=0.9 al=0 pi=0.5 im=0 g=0.5 atk=none m=2,100,0,0.7863871324856017,0,1,0,0,0.000000000000000003469446951953614,0.03699349820698568,NaN,0,0.000000000000000003469446951953614,0.03699349820698568,0,0.000000000000000003469446951953614,0.03699349820698568,NaN,0,1,0,0.000000000000000003469446951953614,0.03699349820698568,NaN,0,1,NaN,0,1,NaN,0,1,0,NaN,1.8,0,NaN,0,0,68.26906,0.5,0.5008578151370068,0.044338206774379385,0.4993566190683199
n=6000 a=60 k=8 lay=c3 d=0.7 al=0 pi=0.5 im=0 g=0.5 atk=none m=2,100,0,0.785445256375032,0,1,0,0,0.000000000000000003469446951953614,0.03699349820698568,NaN,0,0.000000000000000003469446951953614,0.03699349820698568,0,0.000000000000000003469446951953614,0.03699349820698568,NaN,0,1,0,0.000000000000000003469446951953614,0.03699349820698568,NaN,0,1,NaN,0,1,NaN,0,1,0,NaN,1.4,0,NaN,0,0,63.807099999999984,0.5,0.49721367409163947,0.042224677140985746,0.4988644953389795
n=6000 a=60 k=8 lay=c3 d=0.9 al=0 pi=0.5 im=0 g=0.5 atk=none m=2,100,0,0.7860618430833018,0.31,1.31,0,0.31,0.22779697212376038,0.40626055719489407,NaN,0.31,0.22779697212376038,0.40626055719489407,0,0.000000000000000003469446951953614,0.03699349820698568,NaN,0,1,0,0.000000000000000003469446951953614,0.03699349820698568,NaN,0,1,NaN,0,1,NaN,0,1,0.7366952095105067,1.9992526468933907,1.8,0,0,0,0.6124366429903616,97.10713000000005,0.5,0.5019964205572525,0.04230870934524551,0.4990211164415575
n=12000 a=60 k=8 lay=c2 d=0.7 al=0 pi=0.5 im=0 g=0.5 atk=none m=2,100,0,0.7861183230654092,0,1,0,0,0.000000000000000003469446951953614,0.03699349820698568,NaN,0,0.000000000000000003469446951953614,0.03699349820698568,0,0.000000000000000003469446951953614,0.03699349820698568,NaN,0,1,0,0.000000000000000003469446951953614,0.03699349820698568,NaN,0,1,NaN,0,1,NaN,0,1,0,NaN,1.4,0,NaN,0,0,131.03136999999998,0.5,0.5010353212116628,0.03346038928442828,0.49979957451650636
n=12000 a=60 k=8 lay=c2 d=0.9 al=0 pi=0.5 im=0 g=0.5 atk=none m=2,100,0,0.785379721669781,0.05,1.05,0,0.05,0.02154367915436796,0.11175046923191913,NaN,0.05,0.02154367915436796,0.11175046923191913,0,0.000000000000000003469446951953614,0.03699349820698568,NaN,0,1,0,0.000000000000000003469446951953614,0.03699349820698568,NaN,0,1,NaN,0,1,NaN,0,1,0.1424525332729507,2.0889509919454596,1.8,0,0,0,0.009311918772368415,121.20891000000003,0.5,0.5005994344748143,0.0356220325600904,0.4995825938977264
n=6000 a=60 k=8 lay=c2 d=0.9 al=0 pi=0.5 im=0 g=0.25 atk=none m=4,100,0,0.8808699745409008,0.39,1.39,0,0.39,0.3001687400639441,0.4879698295415926,NaN,0.39,0.3001687400639441,0.4879698295415926,0,0.000000000000000003469446951953614,0.03699349820698568,NaN,0,1,0,0.000000000000000003469446951953614,0.03699349820698568,NaN,0,1,NaN,0,1,NaN,0,1,0.9562132861285916,1.78313685456121,1.8,0,0,0,0.30198101207513434,97.65294999999998,0.25,0.25017036706020007,0.03976701431929051,0.25154544717680627
n=12000 a=60 k=8 lay=c2 d=0.9 al=0 pi=0.5 im=0 g=0.25 atk=none m=4,100,0,0.8793766717635996,0.9,1.9,0,0.9,0.8256343384950865,0.9447708629393249,NaN,0.9,0.8256343384950865,0.9447708629393249,0,0.000000000000000003469446951953614,0.03699349820698568,NaN,0,1,0,0.000000000000000003469446951953614,0.03699349820698568,NaN,0,1,NaN,0,1,NaN,0,1,2.2225931164422033,1.827793025599819,1.8,0,0,0.14561240777711598,0.28756331769998444,314.60877,0.25,0.248247591406432,0.032825753089482566,0.25121719330760867
n=6000 a=40 k=8 lay=c2 d=0.9 al=0 pi=0.5 im=0 g=0.2 atk=none m=5,100,0,0.8476950668481442,0.68,1.68,0,0.675,0.5782784898989373,0.758791368976129,NaN,0.67,0.5730534379509052,0.7543687726587197,0,0.000000000000000003469446951953614,0.03699349820698568,NaN,0,1,0,0.000000000000000003469446951953614,0.03699349820698568,NaN,0,1,NaN,0,1,NaN,0,1,1.8594054664244895,1.815800575555852,1.8,0,0,0.20026531178319168,0.3785636976571631,124.31507000000003,0.2,0.20001307478952474,0.034997682488551625,0.20176313067975463
n=6000 a=40 k=8 lay=c3 d=0.9 al=0 pi=0.5 im=0 g=0.2 atk=none m=5,100,0,0.8493222577378259,1,2,0,1,0.9630065017930143,1,NaN,1,0.9630065017930143,1,0,0.000000000000000003469446951953614,0.03699349820698568,NaN,0,1,0,0.000000000000000003469446951953614,0.03699349820698568,NaN,0,1,NaN,0,1,NaN,0,1,1.9321194134833346,1.8133890037826257,1.8,0,0,0.16976450120589376,0.3509140397405354,139.15312999999998,0.2,0.20199677795166182,0.03653533725584432,0.2025860069814382
n=12000 a=60 k=8 lay=c2 d=0.9 al=0 pi=0.3 im=0 g=0.2 atk=none m=5,100,0.07,0.8931980586386519,0.92,1.92,0,0.92,0.8500189229905127,0.9589065385156194,NaN,0.92,0.8500189229905127,0.9589065385156194,0,0.000000000000000003469446951953614,0.03699349820698568,NaN,0,1,0,0.000000000000000003469446951953614,0.03699349820698568,0,0.00000000000000005551115123125783,0.35433043506668743,0.8571428571428571,0.4868721707256811,0.9743203756552565,0,0.00000000000000005551115123125783,0.35433043506668743,2.086737556405286,1.7871019722413908,1.8,0,0,0.16880816179332706,0.2862508717811723,323.3787,0.2,0.2029750853048138,0.03276665005101428,0.20169385645454455
