cell,item,role,a_true,b_true,runs,fitted,kept,kept_lo,kept_hi,a_mean,a_sd,b_mean,b_sd,c_mean,c_sd,rpb_mean
n=300 a=30 m=2,0,g,0.8,0,200,0.26,0.235,0.18157433415232588,0.29841368882762537,1.402874166626649,0.6901925474547498,-0.012121611295035304,0.27207838538273876,0.49431138512531086,0.046653145207325705,0.16562116036044455
n=300 a=30 m=2,1,g,1.2,-1,200,0.68,0.635,0.566317026527406,0.698594735350732,1.667916696930637,1.2338449727412621,-0.8809908855331267,0.27970191331250593,0.5015993066474432,0.03551202454837036,0.22623158415481254
n=300 a=30 m=2,2,g,1.2,1,200,0.225,0.215,0.1637187625450758,0.27702307348996613,2.006457809387457,1.4971850677573424,0.6835443492012754,0.25700368226135234,0.4744281451695049,0.04601203835422501,0.15913819409592736
n=300 a=30 m=2,3,g,1.6,0.9,200,0.42,0.4,0.33460578566807336,0.46916327960737997,5.559216265478423,18.92914566654205,0.6955172597158303,0.20538151248395123,0.4731997440469436,0.0405020596510219,0.18669063497952718
n=300 a=30 m=2,4,g,1.2,2,200,0.03,0.025,0.010724719651761264,0.05717834040664198,1.9161400258714447,1.104780101088968,1.0099257553307404,0.1490038376974404,0.4384625531913313,0.01941763060126224,0.0904579861956186
n=300 a=30 m=2,5,f,0.3,0,200,0.015,0.015,0.00511423779325831,0.04316572879269026,1.0036084085716144,0.31236626437863674,-0.09254447314220299,0.2307136279365401,0.4849576399441586,0.034445969050415394,0.06955926103753703
n=300 a=30 m=2,6,f,0.45,0,200,0.035,0.035,0.017055542008567192,0.07047061152229073,1.4297173320009744,0.5638250221420184,0.2042059555754238,0.28813123070772306,0.5141216198377796,0.05487674510996941,0.10100919488760823
n=300 a=30 m=2,7,h,1.2,3,200,0,0,0.000000000000000001734723475976807,0.018845326377266575,NaN,NaN,NaN,NaN,NaN,NaN,0.041557149779238405
n=300 a=30 m=2,8,c,1.2,0,200,0.235,0.22,0.16816538358833258,0.28238799918293667,1.3094727217411875,0.5084317700317936,-0.796372477165457,0.2525672587387331,0.5112199439533616,0.03356379339721356,0.1597264288547644
n=300 a=30 m=2,9,k,1.2,0,200,0,0,0.000000000000000001734723475976807,0.018845326377266575,NaN,NaN,NaN,NaN,NaN,NaN,-0.22195661786941476
n=300 a=30 m=5,0,g,0.8,0,200,0.85,0.8,0.7391448134346212,0.8495479907390189,0.9118090969884353,0.2936273460297064,0.013559749840772581,0.22206939011642607,0.2066502428098789,0.03320114531130809,0.2587827966132299
n=300 a=30 m=5,1,g,1.2,-1,200,0.995,0.975,0.942821659593358,0.9892752803482386,1.2497003968419294,0.3740959854574823,-1.01235909410181,0.2541956306704942,0.20608785575701594,0.03022644711690668,0.33159257512517615
n=300 a=30 m=5,2,g,1.2,1,200,0.935,0.9,0.8505941875672826,0.9343295513309041,2.0416505608444004,6.842217570968763,1.0096218233880274,0.19380773700482193,0.20796389959785114,0.04432670635256738,0.2830383217064967
n=300 a=30 m=5,3,g,1.6,0.9,200,0.995,0.945,0.9042130012276914,0.9690146582965411,2.1627158743671537,3.3414624715521755,0.8987083396655169,0.2032057580738762,0.20685423989934795,0.04713613165074162,0.33067593075456686
n=300 a=30 m=5,4,g,1.2,2,200,0.35,0.35,0.28728824127358077,0.4183653566395992,1.9951091915460961,4.677373572493473,1.6418423312051926,0.2345814531566822,0.17209401965840312,0.03291067106922138,0.17579154827038349
n=300 a=30 m=5,5,f,0.3,0,200,0.045,0.035,0.017055542008567192,0.07047061152229073,0.7529028032314227,0.1634245156678007,0.0059541320630468126,0.26785515124679216,0.19552762441908605,0.0076158402944011515,0.11057752467030581
n=300 a=30 m=5,6,f,0.45,0,200,0.265,0.21,0.15928412069979,0.2716461685990246,0.730292325927203,0.16431865208904103,0.05577345805657544,0.2775112938275822,0.2041129106375241,0.029302548821024916,0.16199625728216316
n=300 a=30 m=5,7,h,1.2,3,200,0.01,0.01,0.0027466581335444384,0.0357217617161768,1.2402972349948573,0.28336822530347056,2.0005276155490312,0.34481562620940726,0.13866431244694105,0.014974199050224629,0.07939976135952553
n=300 a=30 m=5,8,c,1.2,0,200,0.915,0.87,0.8163364812775159,0.9097179772033067,0.9745427806174713,0.3234201932443977,-0.6071602345762426,0.2708386278760019,0.21938364693754045,0.03605890348157993,0.2706049744551952
n=300 a=30 m=5,9,k,1.2,0,200,0,0,0.000000000000000001734723475976807,0.018845326377266575,NaN,NaN,NaN,NaN,NaN,NaN,-0.3458044311864223
n=300 a=60 m=2,0,g,0.8,0,200,0.385,0.325,0.2639157153923429,0.3926801488397004,1.2246882915082522,0.4459106451621039,-0.026375394552107648,0.2685659414296622,0.4982568955877738,0.04420796552605899,0.18228090738401193
n=300 a=60 m=2,1,g,1.2,-1,200,0.77,0.625,0.5561430369897816,0.6891456314159018,2.1923598737579706,5.698327176306952,-0.9133199820994593,0.3350214610715488,0.5088357436384975,0.05028434749935444,0.24482194327086632
n=300 a=60 m=2,2,g,1.2,1,200,0.345,0.305,0.24536415630735034,0.37198552097978366,2.685729427400839,5.544823464967153,0.7436125791412413,0.21142576079254047,0.4759848081884188,0.042498667401661805,0.1779434827581256
n=300 a=60 m=2,3,g,1.6,0.9,200,0.555,0.47,0.40204754873265425,0.5390831708499817,2.930524239099802,4.694576515351678,0.7412974449004948,0.19936668570832397,0.4799789162335872,0.04260594322987896,0.20597555872292658
n=300 a=60 m=2,4,g,1.2,2,200,0.04,0.03,0.013820314340111346,0.06389429245451925,2.1440779403261567,1.9831641608601613,1.1126654276063004,0.09745840805066591,0.4350022124609643,0.04005862698963295,0.09672913264389633
n=300 a=60 m=2,5,f,0.3,0,200,0.015,0.01,0.0027466581335444384,0.0357217617161768,30.5522747729688,51.58125468430708,0.2605379269841437,0.7758506361267156,0.530419587815988,0.10259498040393077,0.07845122878545868
n=300 a=60 m=2,6,f,0.45,0,200,0.05,0.045,0.023852543001492997,0.0832967040018196,1.044661134025872,0.30718869892361145,-0.014853869664924201,0.23176736385074492,0.4920420256550046,0.03887075636679598,0.11146857178832975
n=300 a=60 m=2,7,h,1.2,3,200,0.005,0.005,0.0008831687156009814,0.02777370439789293,3.969977898015732,NaN,1.064592767827996,NaN,0.5023685281007232,NaN,0.04596231787285392
n=300 a=60 m=2,8,c,1.2,0,200,0.315,0.255,0.1996049517203135,0.3196292582045472,1.210290866462682,0.5011058890250444,-0.9016150203553055,0.3279866719133678,0.5130995044522283,0.03939079085325909,0.17345411592025153
n=300 a=60 m=2,9,k,1.2,0,200,0,0,0.000000000000000001734723475976807,0.018845326377266575,NaN,NaN,NaN,NaN,NaN,NaN,-0.24410434064095587
n=300 a=60 m=4,0,g,0.8,0,200,0.835,0.79,0.7283538314009754,0.8407158793002101,0.9497820030545813,0.42612843758769936,0.028542811264661613,0.2448717253926954,0.2583703946705761,0.03183236339044343,0.25700951298117625
n=300 a=60 m=4,1,g,1.2,-1,200,0.995,0.985,0.9568342712073097,0.9948857622067417,1.228639856088798,0.27346947631677526,-1.0068054989119468,0.2664016152848874,0.2536069803343858,0.028800396211407935,0.333838179478604
n=300 a=60 m=4,2,g,1.2,1,200,0.91,0.885,0.8333528310151243,0.9221362676743804,1.6755962591309888,2.6600310841045043,0.9687914820546725,0.20038163360213093,0.25292047667045586,0.046222987086087894,0.27485146570103464
n=300 a=60 m=4,3,g,1.6,0.9,200,0.98,0.97,0.9361057075454807,0.9861796856598887,1.8951532420243629,0.715150321644033,0.8745426299629582,0.19087440682909168,0.24973362702110818,0.042458160796359126,0.3243913241471871
n=300 a=60 m=4,4,g,1.2,2,200,0.315,0.31,0.2499894483607809,0.37717177566258037,1.546611884211053,0.70211839721968,1.615437210418104,0.24289149295984566,0.2159921808208492,0.032493267594774645,0.16753933366568124
n=300 a=60 m=4,5,f,0.3,0,200,0.045,0.035,0.017055542008567192,0.07047061152229073,0.634655121182991,0.0774140863837077,-0.10077578469491023,0.3192216521639343,0.24575067813788895,0.014117449532341907,0.11000806068291676
n=300 a=60 m=4,6,f,0.45,0,200,0.205,0.175,0.12860515066273331,0.23364431148248993,0.6990784709271204,0.112197004928068,0.028513629899883847,0.2449409361404111,0.25601107699593767,0.02597397673428534,0.15665288588533668
n=300 a=60 m=4,7,h,1.2,3,200,0,0,0.000000000000000001734723475976807,0.018845326377266575,NaN,NaN,NaN,NaN,NaN,NaN,0.06834207429028089
n=300 a=60 m=4,8,c,1.2,0,200,0.925,0.83,0.7718411637168737,0.8757209208741302,1.2100487823645523,2.3727869449830616,-0.6133970049423687,0.33999320919138,0.2784839423029916,0.05240197381652758,0.2742506247893248
n=300 a=60 m=4,9,k,1.2,0,200,0,0,0.000000000000000001734723475976807,0.018845326377266575,NaN,NaN,NaN,NaN,NaN,NaN,-0.3433661662827685
n=300 a=60 m=5,0,g,0.8,0,200,0.905,0.84,0.7828592983793289,0.8843258796841297,0.9115880277136528,0.26246055601774343,0.012456687981355935,0.2252011679021832,0.206107422014497,0.03621690451419015,0.2771844079943432
n=300 a=60 m=5,1,g,1.2,-1,200,1,0.995,0.9722262956021069,0.9991168312843989,1.214017506556761,0.24387801022674166,-1.0217343785229138,0.2306219548001559,0.20415756845378152,0.022772017590379758,0.34699748305459466
n=300 a=60 m=5,2,g,1.2,1,200,0.945,0.92,0.874010511732856,0.9501594141102401,1.3980774206769184,0.502124158799803,1.0002813661845729,0.21480961215490071,0.20238198607141017,0.040254401818175356,0.2960023323258107
n=300 a=60 m=5,3,g,1.6,0.9,200,1,0.99,0.9642782382838231,0.9972533418664555,1.8933245686324869,1.2954563776111114,0.9191377383720503,0.1911726861071012,0.20030846792621967,0.039481108287701974,0.3464441550400039
n=300 a=60 m=5,4,g,1.2,2,200,0.385,0.385,0.32033309726923215,0.45400132779753916,1.4995842795017793,0.6255058862039079,1.6661286615461661,0.22771800656368527,0.1766821996737871,0.032479448349720504,0.18405501157688417
n=300 a=60 m=5,5,f,0.3,0,200,0.055,0.02,0.0078044264163494685,0.050287086905826436,0.6239662019844185,0.1040126639031048,0.056136259599894524,0.35399769528298947,0.2047559012918546,0.020087655422308344,0.11560564615649868
n=300 a=60 m=5,6,f,0.45,0,200,0.255,0.165,0.11996855328217307,0.2226578153905955,0.6984340651012906,0.20768381948855727,0.006897089073987987,0.3033007327441047,0.20681153097067118,0.036646826665665024,0.16340201244826028
n=300 a=60 m=5,7,h,1.2,3,200,0.03,0.03,0.013820314340111346,0.06389429245451925,2.122941839558908,1.4596494423756183,1.8564248777317651,0.17834686231706715,0.16667083541260808,0.03792789492312224,0.09553213574471496
n=300 a=60 m=5,8,c,1.2,0,200,0.95,0.905,0.8563983883518006,0.9383368972826135,0.9786325016820794,0.2854711220779756,-0.6071246103067404,0.2602045315102966,0.22507613016326203,0.03638866631095761,0.28796393884376187
n=300 a=60 m=5,9,k,1.2,0,200,0,0,0.000000000000000001734723475976807,0.018845326377266575,NaN,NaN,NaN,NaN,NaN,NaN,-0.35936101434780704
n=600 a=30 m=2,0,g,0.8,0,200,0.21,0.205,0.15486176203836208,0.26625698052422514,1.3188728020101699,0.56281201867767,0.009232452885676059,0.26281567582891824,0.5016426422046105,0.0449391560842817,0.1697059700320837
n=600 a=30 m=2,1,g,1.2,-1,200,0.765,0.73,0.6645656480133157,0.7867655018531416,1.4451811547225843,0.4746773610668634,-0.9069225048833893,0.2250941525747256,0.5073998386452656,0.039965701315072544,0.22759816925033416
n=600 a=30 m=2,2,g,1.2,1,200,0.195,0.19,0.14167171527790676,0.25001238707599854,1.6815459144828178,0.9829873984686522,0.6980799732413714,0.16810063445029338,0.4597795104489762,0.039923461906248285,0.1642397310732154
n=600 a=30 m=2,3,g,1.6,0.9,200,0.42,0.42,0.35373599161616726,0.4892792606041954,2.6981029434721346,5.162026674812151,0.7056699975004799,0.15685056976322628,0.4701367905729046,0.04276216189606245,0.19245780289127531
n=600 a=30 m=2,4,g,1.2,2,200,0,0,0.000000000000000001734723475976807,0.018845326377266575,NaN,NaN,NaN,NaN,NaN,NaN,0.0885831207091228
n=600 a=30 m=2,5,f,0.3,0,200,0,0,0.000000000000000001734723475976807,0.018845326377266575,NaN,NaN,NaN,NaN,NaN,NaN,0.06975686515472711
n=600 a=30 m=2,6,f,0.45,0,200,0,0,0.000000000000000001734723475976807,0.018845326377266575,NaN,NaN,NaN,NaN,NaN,NaN,0.09915407920028332
n=600 a=30 m=2,7,h,1.2,3,200,0,0,0.000000000000000001734723475976807,0.018845326377266575,NaN,NaN,NaN,NaN,NaN,NaN,0.033089651715453916
n=600 a=30 m=2,8,c,1.2,0,200,0.135,0.135,0.09446570454787906,0.18929138370752552,1.1656714630818004,0.25351804380787246,-0.8325717975979038,0.2917754644046411,0.5160497612056343,0.03531223137931901,0.15974021162928842
n=600 a=30 m=2,9,k,1.2,0,200,0,0,0.000000000000000001734723475976807,0.018845326377266575,NaN,NaN,NaN,NaN,NaN,NaN,-0.220199615097336
n=600 a=30 m=4,0,g,0.8,0,200,0.83,0.8,0.7391448134346212,0.8495479907390189,0.8832103600053987,0.19269416988132668,0.02786551189592525,0.2163827714738886,0.2605726805753779,0.04115094278820209,0.23825046636756833
n=600 a=30 m=4,1,g,1.2,-1,200,1,0.985,0.9568342712073097,0.9948857622067417,1.243177796692902,0.19810047294250496,-0.9701707501122915,0.1742146801275698,0.25700669269927506,0.03040177068024009,0.31843297696445405
n=600 a=30 m=4,2,g,1.2,1,200,0.945,0.91,0.8622342812328346,0.9423125511378069,1.3492575968040408,0.4507696443574684,0.9701976451767446,0.17117023353898395,0.24904188487852308,0.04757872794992971,0.2619571952908384
n=600 a=30 m=4,3,g,1.6,0.9,200,1,0.985,0.9568342712073097,0.9948857622067417,1.7975973819149655,0.5214135438926502,0.888958217617716,0.14888967964082223,0.2525478777375378,0.04033218268620314,0.3064007908479987
n=600 a=30 m=4,4,g,1.2,2,200,0.125,0.125,0.08611974475712644,0.17801425002582347,1.2990950458533441,0.4654192882850227,1.6394744354232764,0.19200019915093047,0.21248700011911587,0.03417978594764168,0.15770350082333717
n=600 a=30 m=4,5,f,0.3,0,200,0,0,0.000000000000000001734723475976807,0.018845326377266575,NaN,NaN,NaN,NaN,NaN,NaN,0.10062943239243236
n=600 a=30 m=4,6,f,0.45,0,200,0.1,0.08,0.049840585889759974,0.12598948826714396,0.6676569272630694,0.05783177802466612,-0.0340732526557516,0.24653841886013417,0.24930268451278775,0.01643952062819062,0.14997245679462556
n=600 a=30 m=4,7,h,1.2,3,200,0,0,0.000000000000000001734723475976807,0.018845326377266575,NaN,NaN,NaN,NaN,NaN,NaN,0.06608476792919002
n=600 a=30 m=4,8,c,1.2,0,200,0.96,0.9,0.8505941875672826,0.9343295513309041,0.972027189502093,0.25053878063437524,-0.6266026151990484,0.23611215497255086,0.27717856971534044,0.0434138627474206,0.2608308419923485
n=600 a=30 m=4,9,k,1.2,0,200,0,0,0.000000000000000001734723475976807,0.018845326377266575,NaN,NaN,NaN,NaN,NaN,NaN,-0.3231163153698843
n=600 a=30 m=5,0,g,0.8,0,200,0.94,0.91,0.8622342812328346,0.9423125511378069,0.8402579101015272,0.1477095014163377,-0.0027596334860556567,0.17136321606457502,0.2039174710389677,0.030358115164698444,0.2583371801510796
n=600 a=30 m=5,1,g,1.2,-1,200,1,0.985,0.9568342712073097,0.9948857622067417,1.2242193101146828,0.21210929798003983,-0.996753844626657,0.18625375155075158,0.2044930760628346,0.029902485414628293,0.33384911538444173
n=600 a=30 m=5,2,g,1.2,1,200,0.99,0.975,0.942821659593358,0.9892752803482386,1.35203003327162,0.42777177978488123,0.9777454072068069,0.1578193935398454,0.2000312927409676,0.043134381571177945,0.28846517100208147
n=600 a=30 m=5,3,g,1.6,0.9,200,1,1,0.9811546736227335,1,1.7088130328619442,0.435293096454847,0.8957604258565685,0.13128000272814033,0.19908172057993476,0.03637414192189683,0.33003688618373594
n=600 a=30 m=5,4,g,1.2,2,200,0.295,0.295,0.23613943856849148,0.36158714524618774,1.418082334873421,0.6524399090132238,1.7331717195350733,0.16788752597620965,0.17718991123592776,0.03273463911645445,0.17602768091904
n=600 a=30 m=5,5,f,0.3,0,200,0.01,0.005,0.0008831687156009814,0.02777370439789293,0.6266504735116719,0.04853791153613051,0.09316144536670136,0.36897078524682914,0.20894219608813494,0.01715029050065432,0.10533489445996028
n=600 a=30 m=5,6,f,0.45,0,200,0.16,0.115,0.07786373232561955,0.16664716898487572,0.6464789681984693,0.06708477469818301,-0.042895087311058594,0.19117144506918277,0.19419742135479837,0.021127110476341443,0.15823308190631005
n=600 a=30 m=5,7,h,1.2,3,200,0,0,0.000000000000000001734723475976807,0.018845326377266575,NaN,NaN,NaN,NaN,NaN,NaN,0.08211984617214572
n=600 a=30 m=5,8,c,1.2,0,200,0.99,0.945,0.9042130012276914,0.9690146582965411,0.9631747787470573,0.28915005264039123,-0.5813420636674633,0.2508477075401216,0.22900591166105264,0.05156337017774173,0.2759512543796796
n=600 a=30 m=5,9,k,1.2,0,200,0,0,0.000000000000000001734723475976807,0.018845326377266575,NaN,NaN,NaN,NaN,NaN,NaN,-0.3425238530997472
n=600 a=60 m=2,0,g,0.8,0,200,0.255,0.245,0.1905686808903718,0.30904243556203415,1.0231870065649735,0.22201647968627763,-0.018039384416765385,0.25925424326269486,0.4927610382886851,0.04130152409515924,0.17455637116953812
n=600 a=60 m=2,1,g,1.2,-1,200,0.93,0.9,0.8505941875672826,0.9343295513309041,1.3351714530854584,0.44547061487618467,-0.9572635200297794,0.27530105263408844,0.5067936179179415,0.04392242718089536,0.25129558637491367
n=600 a=60 m=2,2,g,1.2,1,200,0.325,0.32,0.25926533315468053,0.38751898434113546,1.5108034737015736,0.7659217347664682,0.7312211727917666,0.18661104221537692,0.4675316217930294,0.03947189934465644,0.1820819065954389
n=600 a=60 m=2,3,g,1.6,0.9,200,0.595,0.59,0.5207645903369208,0.6558432509151711,2.017332540208651,0.925312671899317,0.7765817239731545,0.15340936653469794,0.4824638751323812,0.04345085613952331,0.20950867994850395
n=600 a=60 m=2,4,g,1.2,2,200,0.01,0.01,0.0027466581335444384,0.0357217617161768,1.254604512577853,0.09238968729339037,1.19878193712622,0.10930219258417517,0.39196151553141256,0.0342559487458085,0.10204233804004187
n=600 a=60 m=2,5,f,0.3,0,200,0,0,0.000000000000000001734723475976807,0.018845326377266575,NaN,NaN,NaN,NaN,NaN,NaN,0.07400303470877599
n=600 a=60 m=2,6,f,0.45,0,200,0,0,0.000000000000000001734723475976807,0.018845326377266575,NaN,NaN,NaN,NaN,NaN,NaN,0.11182388316235727
n=600 a=60 m=2,7,h,1.2,3,200,0,0,0.000000000000000001734723475976807,0.018845326377266575,NaN,NaN,NaN,NaN,NaN,NaN,0.04267203750099388
n=600 a=60 m=2,8,c,1.2,0,200,0.24,0.21,0.15928412069979,0.2716461685990246,1.335974823091581,1.1800990907951054,-0.7574090333881555,0.3663214998347539,0.5334565087773236,0.06228424603970691,0.17606575553332302
n=600 a=60 m=2,9,k,1.2,0,200,0,0,0.000000000000000001734723475976807,0.018845326377266575,NaN,NaN,NaN,NaN,NaN,NaN,-0.24595996257928385
n=600 a=60 m=4,0,g,0.8,0,200,0.96,0.915,0.8681041292843443,0.9462542498225244,0.866459925663098,0.25419864809062853,0.00915453249453622,0.21934434460022897,0.25545532138152877,0.04155456848938479,0.2582010521630806
n=600 a=60 m=4,1,g,1.2,-1,200,1,0.995,0.9722262956021069,0.9991168312843989,1.230004583993424,0.18214059374160438,-0.9858967081707845,0.18451134062256422,0.2559395683426533,0.030386011379395946,0.3373048358574608
n=600 a=60 m=4,2,g,1.2,1,200,0.98,0.955,0.9167032959981803,0.976147456998507,1.3321775908209617,0.40800541542811586,1.005268467642992,0.18592587322684884,0.2507502699382493,0.042232209909573534,0.27387322750147364
n=600 a=60 m=4,3,g,1.6,0.9,200,1,0.995,0.9722262956021069,0.9991168312843989,1.6910433792318615,0.39776171746933897,0.8826764809085852,0.1352850793203927,0.24428174623609814,0.03846228417497466,0.3226215518049964
n=600 a=60 m=4,4,g,1.2,2,200,0.21,0.21,0.15928412069979,0.2716461685990246,1.3870096739096391,0.4048428494673761,1.6623660120518142,0.12330573064188402,0.22171925484474414,0.028899243088997943,0.16668038837427573
n=600 a=60 m=4,5,f,0.3,0,200,0.01,0.005,0.0008831687156009814,0.02777370439789293,0.6238885486552266,0.06799687093433643,-0.03882126299094196,0.030468992520606773,0.25466296917292836,0.02273053239028523,0.10396533770249544
n=600 a=60 m=4,6,f,0.45,0,200,0.135,0.095,0.06166310271738653,0.1436016116481994,0.6586030914784575,0.10301585877190278,-0.0025758625340411606,0.3129259951589314,0.2589269258754548,0.03548530474108877,0.1585965404189266
n=600 a=60 m=4,7,h,1.2,3,200,0.005,0.005,0.0008831687156009814,0.02777370439789293,0.8607601415913857,NaN,1.9888675177576223,NaN,0.17700729200613638,NaN,0.07941280579604668
n=600 a=60 m=4,8,c,1.2,0,200,0.98,0.87,0.8163364812775159,0.9097179772033067,0.9968013851015263,0.29206936481868484,-0.553343744211307,0.2822663892116227,0.2942587200587901,0.05741187674412896,0.2747869863971445
n=600 a=60 m=4,9,k,1.2,0,200,0,0,0.000000000000000001734723475976807,0.018845326377266575,NaN,NaN,NaN,NaN,NaN,NaN,-0.3413900548153589
n=600 a=60 m=5,0,g,0.8,0,200,0.955,0.895,0.8448196800887696,0.9302925120731899,0.8431161238707917,0.1689048742761227,0.023003034272216814,0.17789120489007507,0.20624230467331922,0.03812384156867308,0.270555337781895
n=600 a=60 m=5,1,g,1.2,-1,200,1,0.99,0.9642782382838231,0.9972533418664555,1.2200030454026072,0.19208978711861618,-1.0038394773530102,0.18814012211249306,0.20660776915791534,0.031106600199965136,0.3509874253511458
n=600 a=60 m=5,2,g,1.2,1,200,0.995,0.985,0.9568342712073097,0.9948857622067417,1.3090218523263295,0.33087290445222495,1.022234705529113,0.16230795898703146,0.2008067185138887,0.04073672119903462,0.2972812375244506
n=600 a=60 m=5,3,g,1.6,0.9,200,1,1,0.9811546736227335,1,1.6971607636675927,0.41783734683486756,0.9142520762529468,0.14399998889892157,0.20008866405360448,0.0360505038730418,0.34260335388691204
n=600 a=60 m=5,4,g,1.2,2,200,0.31,0.31,0.2499894483607809,0.37717177566258037,1.3224740303296945,0.435659670559615,1.7638835942996482,0.1868002273058553,0.172864489260785,0.026461756586808327,0.1811763394681962
n=600 a=60 m=5,5,f,0.3,0,200,0.015,0,0.000000000000000001734723475976807,0.018845326377266575,0.5653663255743794,0.038703826702550743,-0.09262714861474793,0.05039490915456912,0.19890634021074205,0.008989604409547899,0.11012608469791456
n=600 a=60 m=5,6,f,0.45,0,200,0.195,0.11,0.07377244460125303,0.1609269099730149,0.6298302835129965,0.08358155229755447,0.05385083633298814,0.17363885904716264,0.20312841620842365,0.023333900161384803,0.16253633444063958
n=600 a=60 m=5,7,h,1.2,3,200,0,0,0.000000000000000001734723475976807,0.018845326377266575,NaN,NaN,NaN,NaN,NaN,NaN,0.09027987405461904
n=600 a=60 m=5,8,c,1.2,0,200,0.995,0.895,0.8448196800887696,0.9302925120731899,0.9783819239110668,0.27532118793914406,-0.5351819828741411,0.26954975008921367,0.24242064302843885,0.05821077478124614,0.29093209411472715
n=600 a=60 m=5,9,k,1.2,0,200,0,0,0.000000000000000001734723475976807,0.018845326377266575,NaN,NaN,NaN,NaN,NaN,NaN,-0.3650173914163588
n=1500 a=30 m=2,0,g,0.8,0,200,0.04,0.04,0.020405632066152306,0.07693206820093293,1.052483557329876,0.21091609192435362,-0.08507528522477265,0.25725950145036636,0.4911864710036152,0.045672937939875626,0.16449763473147544
n=1500 a=30 m=2,1,g,1.2,-1,200,0.89,0.855,0.7995133246921847,0.8971064935799559,1.268089800456866,0.18248590355732283,-0.9605809089818509,0.22436842893844,0.5052032990563572,0.04763663312986313,0.22628907850334098
n=1500 a=30 m=2,2,g,1.2,1,200,0.04,0.04,0.020405632066152306,0.07693206820093293,1.3310492593958114,0.3942068440479255,0.6679027971539324,0.08552161483438102,0.4522824087499233,0.03474785240934852,0.16457136940810863
n=1500 a=30 m=2,3,g,1.6,0.9,200,0.34,0.34,0.27791545970908793,0.4081150447316374,1.6949643829388126,0.608905464610429,0.735592373996146,0.12709168651087183,0.4693403705052213,0.03973591645277717,0.18641898066320928
n=1500 a=30 m=2,4,g,1.2,2,200,0,0,0.000000000000000001734723475976807,0.018845326377266575,NaN,NaN,NaN,NaN,NaN,NaN,0.09055394977582068
n=1500 a=30 m=2,5,f,0.3,0,200,0,0,0.000000000000000001734723475976807,0.018845326377266575,NaN,NaN,NaN,NaN,NaN,NaN,0.06792972727319682
n=1500 a=30 m=2,6,f,0.45,0,200,0,0,0.000000000000000001734723475976807,0.018845326377266575,NaN,NaN,NaN,NaN,NaN,NaN,0.09869251757648566
n=1500 a=30 m=2,7,h,1.2,3,200,0,0,0.000000000000000001734723475976807,0.018845326377266575,NaN,NaN,NaN,NaN,NaN,NaN,0.03593710898093522
n=1500 a=30 m=2,8,c,1.2,0,200,0.035,0.035,0.017055542008567192,0.07047061152229073,1.0394743949514584,0.07168049906219617,-0.9644069893533803,0.2563713405288913,0.5134897279497902,0.03437715631468769,0.15825692986874762
n=1500 a=30 m=2,9,k,1.2,0,200,0,0,0.000000000000000001734723475976807,0.018845326377266575,NaN,NaN,NaN,NaN,NaN,NaN,-0.21765732660637863
n=1500 a=30 m=4,0,g,0.8,0,200,0.94,0.88,0.8276574790170326,0.9180200729362449,0.8487912333976282,0.12421898367637799,0.031024303132958404,0.20382832847115848,0.25900447958515666,0.050257095910991534,0.24246696284662772
n=1500 a=30 m=4,1,g,1.2,-1,200,1,0.965,0.9295293884777092,0.9829444579914328,1.2252360746607969,0.14033375409050228,-0.980869066749385,0.1445338797539345,0.2567775452183819,0.04041773358971951,0.31641869493895325
n=1500 a=30 m=4,2,g,1.2,1,200,0.995,0.99,0.9642782382838231,0.9972533418664555,1.2157752567385165,0.25611359915673654,0.9773275172189859,0.13006349158032743,0.2447173474464394,0.03749216888437939,0.2592472588846174
n=1500 a=30 m=4,3,g,1.6,0.9,200,1,1,0.9811546736227335,1,1.643863381381832,0.3060553524234944,0.8961121490046878,0.11635011955084457,0.2477782914455836,0.03533584748215239,0.3004410262893857
n=1500 a=30 m=4,4,g,1.2,2,200,0.035,0.035,0.017055542008567192,0.07047061152229073,0.9368201937200761,0.11811276353279253,1.6561367702322218,0.08642564336769654,0.18280330967793823,0.01682524139075666,0.15644328959180234
n=1500 a=30 m=4,5,f,0.3,0,200,0,0,0.000000000000000001734723475976807,0.018845326377266575,NaN,NaN,NaN,NaN,NaN,NaN,0.10123496257311126
n=1500 a=30 m=4,6,f,0.45,0,200,0.04,0.04,0.020405632066152306,0.07693206820093293,0.6725779924660337,0.05248465078257503,0.030030168956201697,0.12373229017331194,0.2563936738500148,0.02704256394291737,0.1486564462349488
n=1500 a=30 m=4,7,h,1.2,3,200,0,0,0.000000000000000001734723475976807,0.018845326377266575,NaN,NaN,NaN,NaN,NaN,NaN,0.07107175435108487
n=1500 a=30 m=4,8,c,1.2,0,200,0.99,0.705,0.6384128547538122,0.7638605614315084,1.014976088048845,0.23952851210125742,-0.460977928583468,0.3087438690756571,0.3232348585249187,0.07424041140702892,0.2570319730037069
n=1500 a=30 m=4,9,k,1.2,0,200,0,0,0.000000000000000001734723475976807,0.018845326377266575,NaN,NaN,NaN,NaN,NaN,NaN,-0.3223348083876176
n=1500 a=30 m=5,0,g,0.8,0,200,0.99,0.93,0.8859451911438936,0.9578478281716571,0.8297856469538044,0.12234461010248575,0.04061331594545193,0.1673472272837823,0.20961113005798196,0.04461904457302713,0.2580142230957882
n=1500 a=30 m=5,1,g,1.2,-1,200,1,0.96,0.923067931799067,0.9795943679338476,1.2325867813143256,0.13947958856733297,-0.9669354228460381,0.1393402856981715,0.2109613734315014,0.04204919968168098,0.33559845414783607
n=1500 a=30 m=5,2,g,1.2,1,200,0.995,0.995,0.9722262956021069,0.9991168312843989,1.2242872315276898,0.22642446188130114,1.0105701551124193,0.14114551051441604,0.19709390907778473,0.03742921951282653,0.2803015142890292
n=1500 a=30 m=5,3,g,1.6,0.9,200,1,1,0.9811546736227335,1,1.6383276196591714,0.27911420095103356,0.903030712503336,0.10050660739316987,0.2011673539378058,0.03059590154407568,0.3261989807451892
n=1500 a=30 m=5,4,g,1.2,2,200,0.165,0.165,0.11996855328217307,0.2226578153905955,1.1686451074378301,0.2813935644846803,1.7852001993353983,0.1005071865764109,0.16464261348640025,0.024996429971188856,0.17534554841877104
n=1500 a=30 m=5,5,f,0.3,0,200,0,0,0.000000000000000001734723475976807,0.018845326377266575,NaN,NaN,NaN,NaN,NaN,NaN,0.10547226658867395
n=1500 a=30 m=5,6,f,0.45,0,200,0.05,0.025,0.010724719651761264,0.05717834040664198,0.5958711935431905,0.03377363144862424,-0.02423461403034675,0.14192494034611156,0.19240258776452449,0.022213301948177052,0.1588004726975892
n=1500 a=30 m=5,7,h,1.2,3,200,0,0,0.000000000000000001734723475976807,0.018845326377266575,NaN,NaN,NaN,NaN,NaN,NaN,0.0813427604815537
n=1500 a=30 m=5,8,c,1.2,0,200,1,0.765,0.7015863111723746,0.8184256658476741,0.9970926579886982,0.1898257897884155,-0.4311071820165056,0.24026102393854318,0.26847104937589406,0.06258265071584669,0.2767539851335887
n=1500 a=30 m=5,9,k,1.2,0,200,0,0,0.000000000000000001734723475976807,0.018845326377266575,NaN,NaN,NaN,NaN,NaN,NaN,-0.34699197582570995
n=1500 a=60 m=2,0,g,0.8,0,200,0.205,0.205,0.15486176203836208,0.26625698052422514,0.9583616831177648,0.16275307593392216,-0.11366675503543526,0.25245169838358245,0.480615106788253,0.043916046520889304,0.18092580134098096
n=1500 a=60 m=2,1,g,1.2,-1,200,0.98,0.935,0.8919809207009312,0.961623645350847,1.254736175254071,0.21369405927344315,-0.9732414340119324,0.2415579219133146,0.5031663213026255,0.05251335784734529,0.24956477503417498
n=1500 a=60 m=2,2,g,1.2,1,200,0.21,0.21,0.15928412069979,0.2716461685990246,1.2824962827491238,0.2964597561136482,0.72411874622906,0.1402471251352861,0.46038445936066835,0.03774534560077891,0.17906214394356545
n=1500 a=60 m=2,3,g,1.6,0.9,200,0.645,0.645,0.5765211307549043,0.7080137245956883,1.6399373777534942,0.3795662060734898,0.8053389046319107,0.11178428339217066,0.4831361641395813,0.03273899788996016,0.20829093770840174
n=1500 a=60 m=2,4,g,1.2,2,200,0,0,0.000000000000000001734723475976807,0.018845326377266575,NaN,NaN,NaN,NaN,NaN,NaN,0.10106798625318138
n=1500 a=60 m=2,5,f,0.3,0,200,0,0,0.000000000000000001734723475976807,0.018845326377266575,NaN,NaN,NaN,NaN,NaN,NaN,0.07382768909906302
n=1500 a=60 m=2,6,f,0.45,0,200,0,0,0.000000000000000001734723475976807,0.018845326377266575,NaN,NaN,NaN,NaN,NaN,NaN,0.10751145735545203
n=1500 a=60 m=2,7,h,1.2,3,200,0,0,0.000000000000000001734723475976807,0.018845326377266575,NaN,NaN,NaN,NaN,NaN,NaN,0.039661979754053285
n=1500 a=60 m=2,8,c,1.2,0,200,0.18,0.13,0.0902820227966932,0.18366351872248407,1.0979113029299021,0.18909626230747748,-0.7551953097619809,0.33107919594991214,0.5554766820856132,0.05924169657705167,0.17667253557688703
n=1500 a=60 m=2,9,k,1.2,0,200,0,0,0.000000000000000001734723475976807,0.018845326377266575,NaN,NaN,NaN,NaN,NaN,NaN,-0.24138028551381918
n=1500 a=60 m=4,0,g,0.8,0,200,0.985,0.91,0.8622342812328346,0.9423125511378069,0.833102515699927,0.1421649275961834,0.015782041545786205,0.22026987611155352,0.25816432266433237,0.05367340712287335,0.2551898808124371
n=1500 a=60 m=4,1,g,1.2,-1,200,1,0.945,0.9042130012276914,0.9690146582965411,1.2315724289561467,0.12019155303330317,-0.9818405377868562,0.15406953654377795,0.2585618203967732,0.047552979480577226,0.33663561995589303
n=1500 a=60 m=4,2,g,1.2,1,200,1,0.995,0.9722262956021069,0.9991168312843989,1.2490749421870617,0.25020356669234844,1.0075899583128543,0.15231210064941175,0.24953220814926536,0.04395006123516506,0.2715603653036971
n=1500 a=60 m=4,3,g,1.6,0.9,200,1,0.995,0.9722262956021069,0.9991168312843989,1.654611662206147,0.2651951771386254,0.8954276785510906,0.10797944339026722,0.2488150440475976,0.030943187694924067,0.3191394742223089
n=1500 a=60 m=4,4,g,1.2,2,200,0.09,0.09,0.05768744886219316,0.13776571876716542,1.1828818785103508,0.21528692730581744,1.722623343252178,0.11062110038714272,0.21456093551501043,0.020976709186282683,0.16501517656657505
n=1500 a=60 m=4,5,f,0.3,0,200,0,0,0.000000000000000001734723475976807,0.018845326377266575,NaN,NaN,NaN,NaN,NaN,NaN,0.10739454214977597
n=1500 a=60 m=4,6,f,0.45,0,200,0.025,0.015,0.00511423779325831,0.04316572879269026,0.6038349637796029,0.026631491086390638,-0.03452424760175839,0.16136103645840072,0.231356188729043,0.021301837837848985,0.15440881751846883
n=1500 a=60 m=4,7,h,1.2,3,200,0,0,0.000000000000000001734723475976807,0.018845326377266575,NaN,NaN,NaN,NaN,NaN,NaN,0.07645657373047933
n=1500 a=60 m=4,8,c,1.2,0,200,1,0.61,0.5409374595716976,0.6749165686253038,1.0238304196024854,0.21559627694770395,-0.4084659961798362,0.2930400940836791,0.34037747024330167,0.06978148342412355,0.2704957318858315
n=1500 a=60 m=4,9,k,1.2,0,200,0,0,0.000000000000000001734723475976807,0.018845326377266575,NaN,NaN,NaN,NaN,NaN,NaN,-0.3427647150688561
n=1500 a=60 m=5,0,g,0.8,0,200,0.995,0.96,0.923067931799067,0.9795943679338476,0.812432228479273,0.11623792688985711,0.019706598098802326,0.1801193362714362,0.2082672879198067,0.04329524008475885,0.26751758266378295
n=1500 a=60 m=5,1,g,1.2,-1,200,1,0.965,0.9295293884777092,0.9829444579914328,1.202217060037864,0.1233195915551127,-0.9970148495654237,0.1300269722679957,0.20619301999825143,0.040601434323253804,0.34946289693453203
n=1500 a=60 m=5,2,g,1.2,1,200,1,1,0.9811546736227335,1,1.262288331168426,0.1978184770617841,0.9821100262518727,0.12212963946061099,0.19945202665453152,0.035788091767886894,0.30170422684158554
n=1500 a=60 m=5,3,g,1.6,0.9,200,1,1,0.9811546736227335,1,1.6473453780604688,0.23345616055851848,0.8947562978987462,0.09072514006134143,0.2013810613985894,0.027859914286383028,0.3457406649314036
n=1500 a=60 m=5,4,g,1.2,2,200,0.28,0.28,0.22236889773949026,0.3459230458665071,1.1824402508849565,0.24384421876537754,1.8143122302379024,0.11760821224905942,0.17242569934583038,0.02343477216155134,0.18670639015367094
n=1500 a=60 m=5,5,f,0.3,0,200,0,0,0.000000000000000001734723475976807,0.018845326377266575,NaN,NaN,NaN,NaN,NaN,NaN,0.1129034999299325
n=1500 a=60 m=5,6,f,0.45,0,200,0.11,0.05,0.02738264560076393,0.08957814813877599,0.6075310690856625,0.048985632042805316,0.020304854537869958,0.21657258614432676,0.21143739883771454,0.03788790997125525,0.16876040410730273
n=1500 a=60 m=5,7,h,1.2,3,200,0,0,0.000000000000000001734723475976807,0.018845326377266575,NaN,NaN,NaN,NaN,NaN,NaN,0.08850395624801667
n=1500 a=60 m=5,8,c,1.2,0,200,1,0.65,0.5816346433604008,0.7127117587264192,1.0139569528337529,0.16838288386045006,-0.3873896008802479,0.25364731400023516,0.28459464833509607,0.06798415057399658,0.2906548697727528
n=1500 a=60 m=5,9,k,1.2,0,200,0,0,0.000000000000000001734723475976807,0.018845326377266575,NaN,NaN,NaN,NaN,NaN,NaN,-0.36248852766282147
n=300 a=30 m=4,0,g,0.8,0,200,0.77,0.72,0.6540769541334929,0.7776311022605097,0.9538832167228708,0.3536863625574623,0.01186891539005308,0.22395206778245857,0.2572985559308716,0.03558210342791889,0.23893226873112686
n=300 a=30 m=4,1,g,1.2,-1,200,0.99,0.975,0.942821659593358,0.9892752803482386,1.2431339071569516,0.3387105775867867,-1.017059355906527,0.26366675926549044,0.2554538620846089,0.027998250567217966,0.3122330497432837
n=300 a=30 m=4,2,g,1.2,1,200,0.925,0.905,0.8563983883518006,0.9383368972826135,2.8843160390258102,17.46806761457264,0.9425548705946982,0.19509249701692766,0.24559558605392087,0.04347725820323635,0.2657547936427129
n=300 a=30 m=4,3,g,1.6,0.9,200,0.97,0.94,0.8980683070423372,0.9653478057456681,2.9766378834592007,5.772512771606034,0.8989880916210975,0.18460802601825024,0.2522443498386889,0.04674763556150255,0.3018860358776186
n=300 a=30 m=4,4,g,1.2,2,200,0.225,0.225,0.17262369715089126,0.2877412323566053,2.8664478450109514,6.259904104950754,1.550243731342466,0.2458757415305864,0.2115033155223391,0.031613672436985193,0.15205345215616617
n=300 a=30 m=4,5,f,0.3,0,200,0.055,0.04,0.020405632066152306,0.07693206820093293,0.6709301215654295,0.0817589517108094,-0.022399995962275588,0.3491853992101358,0.23818264110594922,0.012285266572813747,0.10351058632747026
n=300 a=30 m=4,6,f,0.45,0,200,0.185,0.17,0.12427907912586969,0.22815883628312625,0.738246770318821,0.12169465254662654,0.07200040137536974,0.27716223916448585,0.2521960634863554,0.02545867103294513,0.14451827896570069
n=300 a=30 m=4,7,h,1.2,3,200,0,0,0.000000000000000001734723475976807,0.018845326377266575,NaN,NaN,NaN,NaN,NaN,NaN,0.06819806059086453
n=300 a=30 m=4,8,c,1.2,0,200,0.855,0.84,0.7828592983793289,0.8843258796841297,0.9868425143170301,0.37884577125786223,-0.6402858028246461,0.28498277016462525,0.26711825162630864,0.03415982015226645,0.25329543160926
n=300 a=30 m=4,9,k,1.2,0,200,0,0,0.000000000000000001734723475976807,0.018845326377266575,NaN,NaN,NaN,NaN,NaN,NaN,-0.32232497596101795
