cell,set,runs,mixtures,runs_fitted,truth_mean,error_mean,error_sd,error_p5,error_p95,error_max_abs,false_admission,false_admission_lo,false_admission_hi,over,missed_over,missed_over_lo,missed_over_hi,severe,false_refusal,false_refusal_lo,false_refusal_hi,within,refused_within,refused_within_lo,refused_within_hi
n=3000 a=60 k=8 lay=m d=0.5 al=0 pi=0.5 im=0 g=0.2 atk=none m=5,0,200,1,1,0.20190583486222283,0.05673941109674521,NaN,0.05673941109674521,0.05673941109674521,0.05673941109674521,0,0,0.7934506856227626,1,0,0,0.7934506856227626,0,0,0,0.7934506856227626,0,NaN,0,1
n=3000 a=60 k=8 lay=m d=0.5 al=0 pi=0.5 im=0 g=0.2 atk=none m=5,1,200,1,1,0.1816966397399081,0.03680919017294351,NaN,0.03680919017294351,0.03680919017294351,0.03680919017294351,0,0,0.7934506856227626,1,0,0,0.7934506856227626,0,0,0,0.7934506856227626,0,NaN,0,1
n=3000 a=60 k=8 lay=m d=0.5 al=0 pi=0.5 im=0 g=0.2 atk=none m=5,0+1,200,1,1,0.035208876747283145,0.04578217712910338,NaN,0.04578217712910338,0.04578217712910338,0.04578217712910338,0,0,0.7934506856227626,0,NaN,0,1,0,0,0,0.7934506856227626,1,0,0,0.7934506856227626
n=3000 a=60 k=8 lay=m d=0.5 al=0 pi=0.5 im=0 g=0.2 atk=none m=5,2+3,200,1,1,0.05570045225067697,0.06575763964030507,NaN,0.06575763964030507,0.06575763964030507,0.06575763964030507,0,0,0.7934506856227626,0,NaN,0,1,0,1,0.20654931437723745,1,1,1,0.20654931437723745,1
n=3000 a=60 k=8 lay=m d=0.5 al=0 pi=0.5 im=0 g=0.2 atk=none m=5,0+2,200,1,1,0.40620961270326783,0.12397852751681537,NaN,0.12397852751681537,0.12397852751681537,0.12397852751681537,0,0,0.7934506856227626,1,0,0,0.7934506856227626,0,0,0,0.7934506856227626,0,NaN,0,1
n=3000 a=60 k=8 lay=m d=0.5 al=0 pi=0.5 im=0 g=0.2 atk=none m=5,0+1+2+3,200,1,1,0.09090932765149937,0.11153981811586922,NaN,0.11153981811586922,0.11153981811586922,0.11153981811586922,0,0,0.7934506856227626,0,NaN,0,1,0,1,0.20654931437723745,1,1,1,0.20654931437723745,1
n=3000 a=60 k=8 lay=m d=0.5 al=0 pi=0.5 im=0 g=0.2 atk=none m=5,4+5+6+7,200,1,1,0,0.07812223851468324,NaN,0.07812223851468324,0.07812223851468324,0.07812223851468324,0,0,0.7934506856227626,0,NaN,0,1,0,0,0,0.7934506856227626,1,0,0,0.7934506856227626
n=3000 a=60 k=8 lay=m d=0.5 al=0 pi=0.5 im=0 g=0.2 atk=none m=5,0+1+4+5,200,1,1,0.035208876747283145,0.052167368107641006,NaN,0.052167368107641006,0.052167368107641006,0.052167368107641006,0,0,0.7934506856227626,0,NaN,0,1,0,0,0,0.7934506856227626,1,0,0,0.7934506856227626
n=3000 a=60 k=8 lay=m d=0.9 al=0 pi=0.5 im=0 g=0.2 atk=none m=5,0,200,200,200,0.3082047563313991,0.00732644009404392,0.030807381414336102,-0.038963312941596995,0.059016154325612614,0.10759381952458869,0,0.000000000000000001734723475976807,0.018845326377266575,200,0,0.000000000000000001734723475976807,0.018845326377266575,0,0,0.000000000000000001734723475976807,0.018845326377266575,0,NaN,0,1
n=3000 a=60 k=8 lay=m d=0.9 al=0 pi=0.5 im=0 g=0.2 atk=none m=5,1,200,200,200,0.30467135073475815,0.00135380330442418,0.02997790030536911,-0.04472121545001077,0.0547956589118381,0.08909900954212036,0,0.000000000000000001734723475976807,0.018845326377266575,200,0,0.000000000000000001734723475976807,0.018845326377266575,0,0,0.000000000000000001734723475976807,0.018845326377266575,0,NaN,0,1
n=3000 a=60 k=8 lay=m d=0.9 al=0 pi=0.5 im=0 g=0.2 atk=none m=5,0+1,200,200,200,0.08303601988678842,0.0210697701958374,0.03484957671043672,-0.02970890242585926,0.07940661926243273,0.17284092286624742,0.04,0.020405632066152306,0.07693206820093293,69,0.11594202898550725,0.059934981421761596,0.21245740530316223,0,0.18,0.13294625859420173,0.23911475028724882,131,0.2748091603053435,0.20560282854908118,0.3568462837936187
n=3000 a=60 k=8 lay=m d=0.9 al=0 pi=0.5 im=0 g=0.2 atk=none m=5,2+3,200,200,200,0.0840215734928838,0.01628548359694687,0.033181445940283966,-0.027443624861078247,0.07128873154657409,0.11708935856563608,0.035,0.017055542008567192,0.07047061152229073,68,0.10294117647058823,0.05076577178992908,0.19757911309365633,0,0.185,0.13730192800616042,0.2445706276115175,132,0.2803030303030303,0.21073054489081627,0.36230113112675416
n=3000 a=60 k=8 lay=m d=0.9 al=0 pi=0.5 im=0 g=0.2 atk=none m=5,0+2,200,200,200,0.6130143093361415,0.01098085829228594,0.04154175910163766,-0.04851060003944726,0.08090092324916857,0.1418572962947986,0,0.000000000000000001734723475976807,0.018845326377266575,200,0,0.000000000000000001734723475976807,0.018845326377266575,0,0,0.000000000000000001734723475976807,0.018845326377266575,0,NaN,0,1
n=3000 a=60 k=8 lay=m d=0.9 al=0 pi=0.5 im=0 g=0.2 atk=none m=5,0+1+2+3,200,200,200,0.1144635668018175,0.0354993334155132,0.05029796737692021,-0.03931051354586966,0.12626578887472212,0.1757541038227254,0.01,0.0027466581335444384,0.0357217617161768,103,0.019417475728155338,0.0053412252741783794,0.06805218312034753,0.005,0.285,0.22695003004617292,0.3511534602960517,97,0.5876288659793815,0.4881546966424227,0.680426759822102
n=3000 a=60 k=8 lay=m d=0.9 al=0 pi=0.5 im=0 g=0.2 atk=none m=5,4+5+6+7,200,200,200,0,0.0453833683433508,0.033133655832614566,0.007609703981127024,0.10983688557942448,0.18194035981397313,0,0.000000000000000001734723475976807,0.018845326377266575,0,NaN,0,1,0,0.065,0.03837635464915299,0.10801907929906895,200,0.065,0.03837635464915299,0.10801907929906895
n=3000 a=60 k=8 lay=m d=0.9 al=0 pi=0.5 im=0 g=0.2 atk=none m=5,0+1+4+5,200,200,200,0.08303601988678842,0.024845472616965812,0.03794485065377425,-0.03518431990300007,0.08802656774007389,0.12922118143251587,0.045,0.023852543001492997,0.0832967040018196,69,0.13043478260869565,0.07016627839603491,0.2296829993958729,0,0.225,0.17262369715089126,0.2877412323566053,131,0.3435114503816794,0.2676925771854121,0.42824663647646405
n=6000 a=60 k=8 lay=m d=0.5 al=0 pi=0.5 im=0 g=0.2 atk=none m=5,0,200,53,53,0.18457103780288492,0.029379404013655328,0.04457733160016381,-0.01899237219769897,0.11318603989276652,0.18578950629866114,0,0,0.06758198857654187,53,0,0,0.06758198857654187,0,0,0,0.06758198857654187,0,NaN,0,1
n=6000 a=60 k=8 lay=m d=0.5 al=0 pi=0.5 im=0 g=0.2 atk=none m=5,1,200,53,53,0.18691482169074755,0.01614224543102106,0.03846977119356945,-0.04469990722136611,0.08032403364806852,0.1400562850356507,0.018867924528301886,0.0033384533882637665,0.09942912052501235,53,0.018867924528301886,0.0033384533882637665,0.09942912052501235,0,0,0,0.06758198857654187,0,NaN,0,1
n=6000 a=60 k=8 lay=m d=0.5 al=0 pi=0.5 im=0 g=0.2 atk=none m=5,0+1,200,53,53,0.047929982202676656,0.034046334824245274,0.0407380666437619,-0.009993689807949246,0.12534424301680985,0.1445087696887129,0,0,0.06758198857654187,4,0,0,0.4898908364545973,0,0.24528301886792453,0.14932902108056811,0.3756655768735192,49,0.2653061224489796,0.16211282134957408,0.4026228897131079
n=6000 a=60 k=8 lay=m d=0.5 al=0 pi=0.5 im=0 g=0.2 atk=none m=5,2+3,200,53,53,0.061625746886636475,0.023716682835966292,0.0362148999537423,-0.01780298969387316,0.10418106193564113,0.1367404218712265,0,0,0.06758198857654187,3,0,0.00000000000000005551115123125783,0.5614970317550454,0,0.32075471698113206,0.2109221407913507,0.4548147985096737,50,0.34,0.2243694922250009,0.478461739497674
n=6000 a=60 k=8 lay=m d=0.5 al=0 pi=0.5 im=0 g=0.2 atk=none m=5,0+2,200,53,53,0.35938547529611425,0.048810740687578104,0.049346297711292515,-0.01760764524728988,0.13768061115706606,0.2088793764075938,0,0,0.06758198857654187,53,0,0,0.06758198857654187,0,0,0,0.06758198857654187,0,NaN,0,1
n=6000 a=60 k=8 lay=m d=0.5 al=0 pi=0.5 im=0 g=0.2 atk=none m=5,0+1+2+3,200,53,53,0.07656067181849067,0.051305484509085064,0.047752391504479824,-0.013927001353198748,0.1422914576971342,0.17293196208455097,0.018867924528301886,0.0033384533882637665,0.09942912052501235,12,0.08333333333333333,0.014865094404917095,0.35387991114111694,0,0.4716981132075472,0.3438224347819615,0.603399187212937,41,0.6097560975609756,0.45726856934123794,0.7434385493987647
n=6000 a=60 k=8 lay=m d=0.5 al=0 pi=0.5 im=0 g=0.2 atk=none m=5,4+5+6+7,200,53,53,0,0.04554252571588806,0.03488465394729535,0.007629502202552714,0.10974188954439293,0.15704909414983775,0,0,0.06758198857654187,0,NaN,0,1,0,0.09433962264150944,0.04097264149725047,0.20253727376296274,53,0.09433962264150944,0.04097264149725047,0.20253727376296274
n=6000 a=60 k=8 lay=m d=0.5 al=0 pi=0.5 im=0 g=0.2 atk=none m=5,0+1+4+5,200,53,53,0.047929982202676656,0.04202115483307646,0.04520765863948502,-0.010049408561847367,0.13137755913590768,0.15987583993017868,0,0,0.06758198857654187,4,0,0,0.4898908364545973,0,0.32075471698113206,0.2109221407913507,0.4548147985096737,49,0.3469387755102041,0.22924392834538948,0.48688805713027256
n=6000 a=60 k=8 lay=m d=0.9 al=0 pi=0.5 im=0 g=0.2 atk=none m=5,0,200,200,200,0.3072067941219218,0.001023949675315431,0.02145560989217909,-0.03589612377217543,0.036012179002114404,0.06468545685604626,0,0.000000000000000001734723475976807,0.018845326377266575,200,0,0.000000000000000001734723475976807,0.018845326377266575,0,0,0.000000000000000001734723475976807,0.018845326377266575,0,NaN,0,1
n=6000 a=60 k=8 lay=m d=0.9 al=0 pi=0.5 im=0 g=0.2 atk=none m=5,1,200,200,200,0.3061173757244758,0.003168359739792281,0.020895569215321274,-0.03230213143038225,0.0340162602417995,0.07893314406613666,0,0.000000000000000001734723475976807,0.018845326377266575,200,0,0.000000000000000001734723475976807,0.018845326377266575,0,0,0.000000000000000001734723475976807,0.018845326377266575,0,NaN,0,1
n=6000 a=60 k=8 lay=m d=0.9 al=0 pi=0.5 im=0 g=0.2 atk=none m=5,0+1,200,200,200,0.08564081119217258,0.00719733113560132,0.023415564367111535,-0.03099051571497044,0.05034704116788754,0.06881400511657434,0.045,0.023852543001492997,0.0832967040018196,69,0.13043478260869565,0.07016627839603491,0.2296829993958729,0,0.075,0.04597491718438201,0.12004361023629456,131,0.11450381679389313,0.07063031762598299,0.18034189163863878
n=6000 a=60 k=8 lay=m d=0.9 al=0 pi=0.5 im=0 g=0.2 atk=none m=5,2+3,200,200,200,0.08060651170949269,0.008860668137412047,0.024023537394586226,-0.02805244469832825,0.0519743885393492,0.10056521400244275,0.04,0.020405632066152306,0.07693206820093293,61,0.13114754098360656,0.0679807727490011,0.23801880192993463,0,0.065,0.03837635464915299,0.10801907929906895,139,0.09352517985611511,0.05547239293226588,0.153440755022583
n=6000 a=60 k=8 lay=m d=0.9 al=0 pi=0.5 im=0 g=0.2 atk=none m=5,0+2,200,200,200,0.6147516015456269,0.0013572429363199784,0.028826979235052813,-0.046976239847536155,0.043266907522812925,0.1024032999216542,0,0.000000000000000001734723475976807,0.018845326377266575,200,0,0.000000000000000001734723475976807,0.018845326377266575,0,0,0.000000000000000001734723475976807,0.018845326377266575,0,NaN,0,1
n=6000 a=60 k=8 lay=m d=0.9 al=0 pi=0.5 im=0 g=0.2 atk=none m=5,0+1+2+3,200,200,200,0.11725888061745358,0.012787531608496232,0.038294375028357856,-0.050045485859895246,0.07879676289449854,0.144512766383351,0.065,0.03837635464915299,0.10801907929906895,104,0.125,0.07452602523780914,0.2021899905415298,0,0.15,0.10713593562241995,0.20605579284166659,96,0.3125,0.22850954637750145,0.410918799069127
n=6000 a=60 k=8 lay=m d=0.9 al=0 pi=0.5 im=0 g=0.2 atk=none m=5,4+5+6+7,200,200,200,0,0.029386341509915117,0.021803262394806507,0.005070749475374474,0.07290963144692267,0.12407891000988283,0,0.000000000000000001734723475976807,0.018845326377266575,0,NaN,0,1,0,0.005,0.0008831687156009814,0.02777370439789293,200,0.005,0.0008831687156009814,0.02777370439789293
n=6000 a=60 k=8 lay=m d=0.9 al=0 pi=0.5 im=0 g=0.2 atk=none m=5,0+1+4+5,200,200,200,0.08564081119217258,0.010236714359818483,0.026005319625004297,-0.029044125602978917,0.055250059313129846,0.0844206864574705,0.04,0.020405632066152306,0.07693206820093293,69,0.11594202898550725,0.059934981421761596,0.21245740530316223,0,0.09,0.05768744886219316,0.13776571876716542,131,0.13740458015267176,0.08871481554312766,0.2067540941612196
n=3000 a=60 k=8 lay=m d=0.9 al=0 pi=0.5 im=0 g=0.5 atk=none m=2,0,200,83,83,0.1967579790012563,0.018181501715543055,0.04464804858617369,-0.05620781782117565,0.09589370097901544,0.14508403323732547,0.012048192771084338,0.0021299774281082692,0.06513580668032404,83,0.012048192771084338,0.0021299774281082692,0.06513580668032404,0.012048192771084338,0,0.000000000000000003469446951953614,0.04423530964197385,0,NaN,0,1
n=3000 a=60 k=8 lay=m d=0.9 al=0 pi=0.5 im=0 g=0.5 atk=none m=2,1,200,83,83,0.19623404456453464,0.020739736935463327,0.04391784411746954,-0.049925925139040025,0.0946348866662966,0.11440075037679526,0,0.000000000000000003469446951953614,0.04423530964197385,83,0,0.000000000000000003469446951953614,0.04423530964197385,0,0,0.000000000000000003469446951953614,0.04423530964197385,0,NaN,0,1
n=3000 a=60 k=8 lay=m d=0.9 al=0 pi=0.5 im=0 g=0.5 atk=none m=2,0+1,200,83,83,0.049001075630266344,0.04905496005529352,0.04473892947093551,-0.0068284505207467485,0.1320464558678162,0.18337511700359965,0,0.000000000000000003469446951953614,0.04423530964197385,2,0,0,0.6576197724933469,0,0.39759036144578314,0.2990893171041682,0.505151649930935,81,0.4074074074074074,0.3069627781339348,0.5162368673165123
n=3000 a=60 k=8 lay=m d=0.9 al=0 pi=0.5 im=0 g=0.5 atk=none m=2,2+3,200,83,83,0.04726682529202823,0.051528540770187335,0.03926364111907439,0.0002467816827386514,0.1274314655143365,0.16421955723346052,0,0.000000000000000003469446951953614,0.04423530964197385,2,0,0,0.6576197724933469,0,0.40963855421686746,0.31012912673980514,0.5171423147617564,81,0.41975308641975306,0.3183096274829863,0.5284633985740679
n=3000 a=60 k=8 lay=m d=0.9 al=0 pi=0.5 im=0 g=0.5 atk=none m=2,0+2,200,83,83,0.39332255552202433,0.03721753393644065,0.05364947326401863,-0.05552191710818489,0.1232890641163014,0.1986339121723958,0,0.000000000000000003469446951953614,0.04423530964197385,83,0,0.000000000000000003469446951953614,0.04423530964197385,0,0,0.000000000000000003469446951953614,0.04423530964197385,0,NaN,0,1
n=3000 a=60 k=8 lay=m d=0.9 al=0 pi=0.5 im=0 g=0.5 atk=none m=2,0+1+2+3,200,83,83,0.06417784803600315,0.09186365020689291,0.06826414916974594,-0.0028192792714006195,0.19541918548069873,0.2975574549579045,0.024096385542168676,0.006633166140727599,0.08366309243416317,11,0.18181818181818182,0.05136768974608513,0.4769805619608442,0,0.6385542168674698,0.5311967999353614,0.7336536564289108,72,0.7361111111111112,0.6242413795382338,0.824062233402328
n=3000 a=60 k=8 lay=m d=0.9 al=0 pi=0.5 im=0 g=0.5 atk=none m=2,4+5+6+7,200,83,83,0,0.04777907826805592,0.03853659480872105,0.00564016103027325,0.12319953961991364,0.18240141685985767,0,0.000000000000000003469446951953614,0.04423530964197385,0,NaN,0,1,0,0.10843373493975904,0.058104915192981194,0.19340466464711883,83,0.10843373493975904,0.058104915192981194,0.19340466464711883
n=3000 a=60 k=8 lay=m d=0.9 al=0 pi=0.5 im=0 g=0.5 atk=none m=2,0+1+4+5,200,83,83,0.049001075630266344,0.05689915783780023,0.05064067584495604,-0.002327371045381011,0.15246672472490275,0.20082193426674783,0,0.000000000000000003469446951953614,0.04423530964197385,2,0,0,0.6576197724933469,0,0.4578313253012048,0.35489376982070636,0.5644995695466891,81,0.4691358024691358,0.3643337335618233,0.576732814921659
n=6000 a=60 k=8 lay=m d=0.9 al=0 pi=0.5 im=0 g=0.5 atk=none m=2,0,200,189,189,0.19135003618519575,0.006056938194942082,0.027703579017621466,-0.04152486877343571,0.05160682696455261,0.06808044945949415,0,0,0.019920295377281662,189,0,0,0.019920295377281662,0,0,0,0.019920295377281662,0,NaN,0,1
n=6000 a=60 k=8 lay=m d=0.9 al=0 pi=0.5 im=0 g=0.5 atk=none m=2,1,200,189,189,0.19055071482314642,0.007523523992264039,0.031542361542448716,-0.035140111040326286,0.05728266415300147,0.16403681284034455,0.005291005291005291,0.0009346037378160608,0.029356905444997014,189,0.005291005291005291,0.0009346037378160608,0.029356905444997014,0,0,0,0.019920295377281662,0,NaN,0,1
n=6000 a=60 k=8 lay=m d=0.9 al=0 pi=0.5 im=0 g=0.5 atk=none m=2,0+1,200,189,189,0.04979853059641833,0.023193237123586882,0.033290972209319813,-0.021960297654404028,0.07515692337045159,0.18654325795239482,0.021164021164021163,0.008260317100487993,0.05314483349891931,12,0.3333333333333333,0.13812009109121315,0.6093779111272004,0,0.13227513227513227,0.09122596298741356,0.18797467752815342,177,0.14124293785310735,0.0975352877861358,0.200192120363554
n=6000 a=60 k=8 lay=m d=0.9 al=0 pi=0.5 im=0 g=0.5 atk=none m=2,2+3,200,189,189,0.047915480858219665,0.024503226666548406,0.03579756624046305,-0.026155583674553413,0.08170716529075113,0.14747057477455724,0.015873015873015872,0.005412689893746943,0.045621246900128955,11,0.2727272727272727,0.09746059290024889,0.5656453011761291,0,0.1693121693121693,0.12256013756604522,0.22923899958824162,178,0.1797752808988764,0.1303189513731668,0.24276130909476973
n=6000 a=60 k=8 lay=m d=0.9 al=0 pi=0.5 im=0 g=0.5 atk=none m=2,0+2,200,189,189,0.3839106538171815,0.008432667092706595,0.04113126557590345,-0.05398765122068546,0.07516351632464142,0.12237597585021392,0,0,0.019920295377281662,189,0,0,0.019920295377281662,0,0,0,0.019920295377281662,0,NaN,0,1
n=6000 a=60 k=8 lay=m d=0.9 al=0 pi=0.5 im=0 g=0.5 atk=none m=2,0+1+2+3,200,189,189,0.06551752173741322,0.04615466621179003,0.04770991524395413,-0.02142176873718459,0.12471724178248639,0.2287951142140734,0.037037037037037035,0.018054518511292878,0.07446427350470866,33,0.21212121212121213,0.10676021533020799,0.3775164499215069,0,0.37037037037037035,0.3047470267143225,0.44115823505015794,156,0.44871794871794873,0.37283653745202533,0.5270642760287351
n=6000 a=60 k=8 lay=m d=0.9 al=0 pi=0.5 im=0 g=0.5 atk=none m=2,4+5+6+7,200,189,189,0,0.035825712594272786,0.028030055100932608,0.005833205153532995,0.08963124299957097,0.15639771504980574,0,0,0.019920295377281662,0,NaN,0,1,0,0.037037037037037035,0.018054518511292878,0.07446427350470866,189,0.037037037037037035,0.018054518511292878,0.07446427350470866
n=6000 a=60 k=8 lay=m d=0.9 al=0 pi=0.5 im=0 g=0.5 atk=none m=2,0+1+4+5,200,189,189,0.04979853059641833,0.028282909548458707,0.03605323957066085,-0.021152421293322746,0.08719042957736713,0.1924540541394117,0.010582010582010581,0.002906782131436334,0.03775594085690816,12,0.16666666666666666,0.04696514218385378,0.4480308622529734,0,0.19576719576719576,0.1454979690930038,0.25815723708894006,177,0.20903954802259886,0.15563478852051657,0.2748055503725389
