floor,options,cut,cell,runs,rate,rate_lo,rate_hi
0.2,5,0.5,null,600,0,0.0000000000000000004336808689942018,0.00636170101370071
0.2,5,0.5,n=3000 a=60 k=8 lay=c2 d=0.9 al=0 pi=0.5 im=0 g=0.2 atk=none m=5,100,0.09,0.04807254000256516,0.1622621285271631
0.2,5,0.5,n=6000 a=60 k=8 lay=c2 d=0.7 al=0 pi=0.5 im=0 g=0.2 atk=none m=5,100,0.02,0.00550196755016235,0.07001179072854388
0.2,5,0.5,n=6000 a=60 k=8 lay=c2 d=0.9 al=0 pi=0.5 im=0 g=0.2 atk=none m=5,100,0.7,0.6041514536665332,0.7810511470506724
0.2,5,0.5,n=12000 a=60 k=8 lay=c2 d=0.7 al=0 pi=0.5 im=0 g=0.2 atk=none m=5,100,0.31,0.22779697212376038,0.40626055719489407
0.2,5,0.5,n=12000 a=60 k=8 lay=c2 d=0.9 al=0 pi=0.5 im=0 g=0.2 atk=none m=5,100,0.98,0.929988209271456,0.9944980324498376
0.2,5,0.6,null,600,0,0.0000000000000000004336808689942018,0.00636170101370071
0.2,5,0.6,n=3000 a=60 k=8 lay=c2 d=0.9 al=0 pi=0.5 im=0 g=0.2 atk=none m=5,100,0.09,0.04807254000256516,0.1622621285271631
0.2,5,0.6,n=6000 a=60 k=8 lay=c2 d=0.7 al=0 pi=0.5 im=0 g=0.2 atk=none m=5,100,0.02,0.00550196755016235,0.07001179072854388
0.2,5,0.6,n=6000 a=60 k=8 lay=c2 d=0.9 al=0 pi=0.5 im=0 g=0.2 atk=none m=5,100,0.7,0.6041514536665332,0.7810511470506724
0.2,5,0.6,n=12000 a=60 k=8 lay=c2 d=0.7 al=0 pi=0.5 im=0 g=0.2 atk=none m=5,100,0.31,0.22779697212376038,0.40626055719489407
0.2,5,0.6,n=12000 a=60 k=8 lay=c2 d=0.9 al=0 pi=0.5 im=0 g=0.2 atk=none m=5,100,0.98,0.929988209271456,0.9944980324498376
0.2,5,0.7,null,600,0,0.0000000000000000004336808689942018,0.00636170101370071
0.2,5,0.7,n=3000 a=60 k=8 lay=c2 d=0.9 al=0 pi=0.5 im=0 g=0.2 atk=none m=5,100,0.09,0.04807254000256516,0.1622621285271631
0.2,5,0.7,n=6000 a=60 k=8 lay=c2 d=0.7 al=0 pi=0.5 im=0 g=0.2 atk=none m=5,100,0.02,0.00550196755016235,0.07001179072854388
0.2,5,0.7,n=6000 a=60 k=8 lay=c2 d=0.9 al=0 pi=0.5 im=0 g=0.2 atk=none m=5,100,0.7,0.6041514536665332,0.7810511470506724
0.2,5,0.7,n=12000 a=60 k=8 lay=c2 d=0.7 al=0 pi=0.5 im=0 g=0.2 atk=none m=5,100,0.31,0.22779697212376038,0.40626055719489407
0.2,5,0.7,n=12000 a=60 k=8 lay=c2 d=0.9 al=0 pi=0.5 im=0 g=0.2 atk=none m=5,100,0.98,0.929988209271456,0.9944980324498376
0.2,5,0.8,null,600,0,0.0000000000000000004336808689942018,0.00636170101370071
0.2,5,0.8,n=3000 a=60 k=8 lay=c2 d=0.9 al=0 pi=0.5 im=0 g=0.2 atk=none m=5,100,0.09,0.04807254000256516,0.1622621285271631
0.2,5,0.8,n=6000 a=60 k=8 lay=c2 d=0.7 al=0 pi=0.5 im=0 g=0.2 atk=none m=5,100,0.02,0.00550196755016235,0.07001179072854388
0.2,5,0.8,n=6000 a=60 k=8 lay=c2 d=0.9 al=0 pi=0.5 im=0 g=0.2 atk=none m=5,100,0.7,0.6041514536665332,0.7810511470506724
0.2,5,0.8,n=12000 a=60 k=8 lay=c2 d=0.7 al=0 pi=0.5 im=0 g=0.2 atk=none m=5,100,0.31,0.22779697212376038,0.40626055719489407
0.2,5,0.8,n=12000 a=60 k=8 lay=c2 d=0.9 al=0 pi=0.5 im=0 g=0.2 atk=none m=5,100,0.98,0.929988209271456,0.9944980324498376
0.2,5,0.9,null,600,0,0.0000000000000000004336808689942018,0.00636170101370071
0.2,5,0.9,n=3000 a=60 k=8 lay=c2 d=0.9 al=0 pi=0.5 im=0 g=0.2 atk=none m=5,100,0.09,0.04807254000256516,0.1622621285271631
0.2,5,0.9,n=6000 a=60 k=8 lay=c2 d=0.7 al=0 pi=0.5 im=0 g=0.2 atk=none m=5,100,0.02,0.00550196755016235,0.07001179072854388
0.2,5,0.9,n=6000 a=60 k=8 lay=c2 d=0.9 al=0 pi=0.5 im=0 g=0.2 atk=none m=5,100,0.7,0.6041514536665332,0.7810511470506724
0.2,5,0.9,n=12000 a=60 k=8 lay=c2 d=0.7 al=0 pi=0.5 im=0 g=0.2 atk=none m=5,100,0.3,0.21944993630115933,0.39514858702384076
0.2,5,0.9,n=12000 a=60 k=8 lay=c2 d=0.9 al=0 pi=0.5 im=0 g=0.2 atk=none m=5,100,0.975,0.9262172847005239,0.9918142331654809
0.2,5,1,null,600,0,0.0000000000000000004336808689942018,0.00636170101370071
0.2,5,1,n=3000 a=60 k=8 lay=c2 d=0.9 al=0 pi=0.5 im=0 g=0.2 atk=none m=5,100,0.09,0.04807254000256516,0.1622621285271631
0.2,5,1,n=6000 a=60 k=8 lay=c2 d=0.7 al=0 pi=0.5 im=0 g=0.2 atk=none m=5,100,0.02,0.00550196755016235,0.07001179072854388
0.2,5,1,n=6000 a=60 k=8 lay=c2 d=0.9 al=0 pi=0.5 im=0 g=0.2 atk=none m=5,100,0.7,0.6041514536665332,0.7810511470506724
0.2,5,1,n=12000 a=60 k=8 lay=c2 d=0.7 al=0 pi=0.5 im=0 g=0.2 atk=none m=5,100,0.28,0.2036768085353542,0.37157812915042854
0.2,5,1,n=12000 a=60 k=8 lay=c2 d=0.9 al=0 pi=0.5 im=0 g=0.2 atk=none m=5,100,0.97,0.9218977068783344,0.9888354297901373
0.2,5,1.1,null,600,0,0.0000000000000000004336808689942018,0.00636170101370071
0.2,5,1.1,n=3000 a=60 k=8 lay=c2 d=0.9 al=0 pi=0.5 im=0 g=0.2 atk=none m=5,100,0.09,0.04807254000256516,0.1622621285271631
0.2,5,1.1,n=6000 a=60 k=8 lay=c2 d=0.7 al=0 pi=0.5 im=0 g=0.2 atk=none m=5,100,0.02,0.00550196755016235,0.07001179072854388
0.2,5,1.1,n=6000 a=60 k=8 lay=c2 d=0.9 al=0 pi=0.5 im=0 g=0.2 atk=none m=5,100,0.7,0.6041514536665332,0.7810511470506724
0.2,5,1.1,n=12000 a=60 k=8 lay=c2 d=0.7 al=0 pi=0.5 im=0 g=0.2 atk=none m=5,100,0.25,0.1805558594702706,0.33522681497188656
0.2,5,1.1,n=12000 a=60 k=8 lay=c2 d=0.9 al=0 pi=0.5 im=0 g=0.2 atk=none m=5,100,0.965,0.9170918790607923,0.9856575517620878
0.2,5,1.2,null,600,0,0.0000000000000000004336808689942018,0.00636170101370071
0.2,5,1.2,n=3000 a=60 k=8 lay=c2 d=0.9 al=0 pi=0.5 im=0 g=0.2 atk=none m=5,100,0.09,0.04807254000256516,0.1622621285271631
0.2,5,1.2,n=6000 a=60 k=8 lay=c2 d=0.7 al=0 pi=0.5 im=0 g=0.2 atk=none m=5,100,0.015,0.003862671870170104,0.056430677881600444
0.2,5,1.2,n=6000 a=60 k=8 lay=c2 d=0.9 al=0 pi=0.5 im=0 g=0.2 atk=none m=5,100,0.685,0.5898086876431403,0.7668336665573467
0.2,5,1.2,n=12000 a=60 k=8 lay=c2 d=0.7 al=0 pi=0.5 im=0 g=0.2 atk=none m=5,100,0.235,0.16928488269017888,0.31650577598996266
0.2,5,1.2,n=12000 a=60 k=8 lay=c2 d=0.9 al=0 pi=0.5 im=0 g=0.2 atk=none m=5,100,0.92,0.8688153010730346,0.9523100397809632
0.2,5,1.3,null,600,0,0.0000000000000000004336808689942018,0.00636170101370071
0.2,5,1.3,n=3000 a=60 k=8 lay=c2 d=0.9 al=0 pi=0.5 im=0 g=0.2 atk=none m=5,100,0.085,0.0448780347410282,0.15516463703784467
0.2,5,1.3,n=6000 a=60 k=8 lay=c2 d=0.7 al=0 pi=0.5 im=0 g=0.2 atk=none m=5,100,0.015,0.003862671870170104,0.056430677881600444
0.2,5,1.3,n=6000 a=60 k=8 lay=c2 d=0.9 al=0 pi=0.5 im=0 g=0.2 atk=none m=5,100,0.67,0.5760130571146674,0.752118381529476
0.2,5,1.3,n=12000 a=60 k=8 lay=c2 d=0.7 al=0 pi=0.5 im=0 g=0.2 atk=none m=5,100,0.215,0.15462865787150884,0.29083298872970165
0.2,5,1.3,n=12000 a=60 k=8 lay=c2 d=0.9 al=0 pi=0.5 im=0 g=0.2 atk=none m=5,100,0.905,0.8525584760028515,0.9400997863562066
0.2,5,1.4,null,600,0,0.0000000000000000004336808689942018,0.00636170101370071
0.2,5,1.4,n=3000 a=60 k=8 lay=c2 d=0.9 al=0 pi=0.5 im=0 g=0.2 atk=none m=5,100,0.075,0.03898976721812305,0.13944282177126052
0.2,5,1.4,n=6000 a=60 k=8 lay=c2 d=0.7 al=0 pi=0.5 im=0 g=0.2 atk=none m=5,100,0.015,0.003862671870170104,0.056430677881600444
0.2,5,1.4,n=6000 a=60 k=8 lay=c2 d=0.9 al=0 pi=0.5 im=0 g=0.2 atk=none m=5,100,0.63,0.5394865613480471,0.7122132848555616
0.2,5,1.4,n=12000 a=60 k=8 lay=c2 d=0.7 al=0 pi=0.5 im=0 g=0.2 atk=none m=5,100,0.185,0.1312915349192564,0.2542490690235871
0.2,5,1.4,n=12000 a=60 k=8 lay=c2 d=0.9 al=0 pi=0.5 im=0 g=0.2 atk=none m=5,100,0.86,0.804688772708745,0.9015634879237421
0.2,5,1.5,null,600,0,0.0000000000000000004336808689942018,0.00636170101370071
0.2,5,1.5,n=3000 a=60 k=8 lay=c2 d=0.9 al=0 pi=0.5 im=0 g=0.2 atk=none m=5,100,0.07,0.036165257902512675,0.13118088603270342
0.2,5,1.5,n=6000 a=60 k=8 lay=c2 d=0.7 al=0 pi=0.5 im=0 g=0.2 atk=none m=5,100,0.01,0.0027466581335444384,0.0357217617161768
0.2,5,1.5,n=6000 a=60 k=8 lay=c2 d=0.9 al=0 pi=0.5 im=0 g=0.2 atk=none m=5,100,0.575,0.49004820236491015,0.6557415822551551
0.2,5,1.5,n=12000 a=60 k=8 lay=c2 d=0.7 al=0 pi=0.5 im=0 g=0.2 atk=none m=5,100,0.145,0.09882902627485869,0.20776806622731625
0.2,5,1.5,n=12000 a=60 k=8 lay=c2 d=0.9 al=0 pi=0.5 im=0 g=0.2 atk=none m=5,100,0.79,0.7283538314009754,0.8407158793002101
0.25,4,0.5,null,400,0,0.0000000000000000008673617379884035,0.009512294334296508
0.25,4,0.5,n=6000 a=60 k=8 lay=c2 d=0.9 al=0 pi=0.5 im=0 g=0.25 atk=none m=4,100,0.39,0.3001687400639441,0.4879698295415926
0.25,4,0.5,n=12000 a=60 k=8 lay=c2 d=0.9 al=0 pi=0.5 im=0 g=0.25 atk=none m=4,100,0.9,0.8256343384950865,0.9447708629393249
0.25,4,0.6,null,400,0,0.0000000000000000008673617379884035,0.009512294334296508
0.25,4,0.6,n=6000 a=60 k=8 lay=c2 d=0.9 al=0 pi=0.5 im=0 g=0.25 atk=none m=4,100,0.39,0.3001687400639441,0.4879698295415926
0.25,4,0.6,n=12000 a=60 k=8 lay=c2 d=0.9 al=0 pi=0.5 im=0 g=0.25 atk=none m=4,100,0.9,0.8256343384950865,0.9447708629393249
0.25,4,0.7,null,400,0,0.0000000000000000008673617379884035,0.009512294334296508
0.25,4,0.7,n=6000 a=60 k=8 lay=c2 d=0.9 al=0 pi=0.5 im=0 g=0.25 atk=none m=4,100,0.39,0.3001687400639441,0.4879698295415926
0.25,4,0.7,n=12000 a=60 k=8 lay=c2 d=0.9 al=0 pi=0.5 im=0 g=0.25 atk=none m=4,100,0.9,0.8256343384950865,0.9447708629393249
0.25,4,0.8,null,400,0,0.0000000000000000008673617379884035,0.009512294334296508
0.25,4,0.8,n=6000 a=60 k=8 lay=c2 d=0.9 al=0 pi=0.5 im=0 g=0.25 atk=none m=4,100,0.39,0.3001687400639441,0.4879698295415926
0.25,4,0.8,n=12000 a=60 k=8 lay=c2 d=0.9 al=0 pi=0.5 im=0 g=0.25 atk=none m=4,100,0.9,0.8256343384950865,0.9447708629393249
0.25,4,0.9,null,400,0,0.0000000000000000008673617379884035,0.009512294334296508
0.25,4,0.9,n=6000 a=60 k=8 lay=c2 d=0.9 al=0 pi=0.5 im=0 g=0.25 atk=none m=4,100,0.39,0.3001687400639441,0.4879698295415926
0.25,4,0.9,n=12000 a=60 k=8 lay=c2 d=0.9 al=0 pi=0.5 im=0 g=0.25 atk=none m=4,100,0.9,0.8256343384950865,0.9447708629393249
0.25,4,1,null,400,0,0.0000000000000000008673617379884035,0.009512294334296508
0.25,4,1,n=6000 a=60 k=8 lay=c2 d=0.9 al=0 pi=0.5 im=0 g=0.25 atk=none m=4,100,0.39,0.3001687400639441,0.4879698295415926
0.25,4,1,n=12000 a=60 k=8 lay=c2 d=0.9 al=0 pi=0.5 im=0 g=0.25 atk=none m=4,100,0.9,0.8256343384950865,0.9447708629393249
0.25,4,1.1,null,400,0,0.0000000000000000008673617379884035,0.009512294334296508
0.25,4,1.1,n=6000 a=60 k=8 lay=c2 d=0.9 al=0 pi=0.5 im=0 g=0.25 atk=none m=4,100,0.39,0.3001687400639441,0.4879698295415926
0.25,4,1.1,n=12000 a=60 k=8 lay=c2 d=0.9 al=0 pi=0.5 im=0 g=0.25 atk=none m=4,100,0.9,0.8256343384950865,0.9447708629393249
0.25,4,1.2,null,400,0,0.0000000000000000008673617379884035,0.009512294334296508
0.25,4,1.2,n=6000 a=60 k=8 lay=c2 d=0.9 al=0 pi=0.5 im=0 g=0.25 atk=none m=4,100,0.38,0.2914404138022745,0.47734106434186285
0.25,4,1.2,n=12000 a=60 k=8 lay=c2 d=0.9 al=0 pi=0.5 im=0 g=0.25 atk=none m=4,100,0.885,0.810735273928705,0.9325487399121277
0.25,4,1.3,null,400,0,0.0000000000000000008673617379884035,0.009512294334296508
0.25,4,1.3,n=6000 a=60 k=8 lay=c2 d=0.9 al=0 pi=0.5 im=0 g=0.25 atk=none m=4,100,0.36,0.2749591786254455,0.45484263937381864
0.25,4,1.3,n=12000 a=60 k=8 lay=c2 d=0.9 al=0 pi=0.5 im=0 g=0.25 atk=none m=4,100,0.86,0.7862586471233195,0.9111745100588347
0.25,4,1.4,null,400,0,0.0000000000000000008673617379884035,0.009512294334296508
0.25,4,1.4,n=6000 a=60 k=8 lay=c2 d=0.9 al=0 pi=0.5 im=0 g=0.25 atk=none m=4,100,0.34,0.25868534050208464,0.43198040706427737
0.25,4,1.4,n=12000 a=60 k=8 lay=c2 d=0.9 al=0 pi=0.5 im=0 g=0.25 atk=none m=4,100,0.82,0.7468714531222082,0.8755228779944949
0.25,4,1.5,null,400,0,0.0000000000000000008673617379884035,0.009512294334296508
0.25,4,1.5,n=6000 a=60 k=8 lay=c2 d=0.9 al=0 pi=0.5 im=0 g=0.25 atk=none m=4,100,0.335,0.2546522328263898,0.4262027526358203
0.25,4,1.5,n=12000 a=60 k=8 lay=c2 d=0.9 al=0 pi=0.5 im=0 g=0.25 atk=none m=4,100,0.76,0.6883811087901068,0.8194754020556503
0.5,2,0.5,null,600,0,0.0000000000000000004336808689942018,0.00636170101370071
0.5,2,0.5,n=3000 a=60 k=8 lay=c2 d=0.9 al=0 pi=0.5 im=0 g=0.5 atk=none m=2,100,0,0.000000000000000003469446951953614,0.03699349820698568
0.5,2,0.5,n=6000 a=60 k=8 lay=c2 d=0.7 al=0 pi=0.5 im=0 g=0.5 atk=none m=2,100,0,0.000000000000000003469446951953614,0.03699349820698568
0.5,2,0.5,n=6000 a=60 k=8 lay=c2 d=0.9 al=0 pi=0.5 im=0 g=0.5 atk=none m=2,100,0,0.000000000000000003469446951953614,0.03699349820698568
0.5,2,0.5,n=12000 a=60 k=8 lay=c2 d=0.7 al=0 pi=0.5 im=0 g=0.5 atk=none m=2,100,0,0.000000000000000003469446951953614,0.03699349820698568
0.5,2,0.5,n=12000 a=60 k=8 lay=c2 d=0.9 al=0 pi=0.5 im=0 g=0.5 atk=none m=2,100,0.05,0.02154367915436796,0.11175046923191913
0.5,2,0.6,null,600,0,0.0000000000000000004336808689942018,0.00636170101370071
0.5,2,0.6,n=3000 a=60 k=8 lay=c2 d=0.9 al=0 pi=0.5 im=0 g=0.5 atk=none m=2,100,0,0.000000000000000003469446951953614,0.03699349820698568
0.5,2,0.6,n=6000 a=60 k=8 lay=c2 d=0.7 al=0 pi=0.5 im=0 g=0.5 atk=none m=2,100,0,0.000000000000000003469446951953614,0.03699349820698568
0.5,2,0.6,n=6000 a=60 k=8 lay=c2 d=0.9 al=0 pi=0.5 im=0 g=0.5 atk=none m=2,100,0,0.000000000000000003469446951953614,0.03699349820698568
0.5,2,0.6,n=12000 a=60 k=8 lay=c2 d=0.7 al=0 pi=0.5 im=0 g=0.5 atk=none m=2,100,0,0.000000000000000003469446951953614,0.03699349820698568
0.5,2,0.6,n=12000 a=60 k=8 lay=c2 d=0.9 al=0 pi=0.5 im=0 g=0.5 atk=none m=2,100,0.05,0.02154367915436796,0.11175046923191913
0.5,2,0.7,null,600,0,0.0000000000000000004336808689942018,0.00636170101370071
0.5,2,0.7,n=3000 a=60 k=8 lay=c2 d=0.9 al=0 pi=0.5 im=0 g=0.5 atk=none m=2,100,0,0.000000000000000003469446951953614,0.03699349820698568
0.5,2,0.7,n=6000 a=60 k=8 lay=c2 d=0.7 al=0 pi=0.5 im=0 g=0.5 atk=none m=2,100,0,0.000000000000000003469446951953614,0.03699349820698568
0.5,2,0.7,n=6000 a=60 k=8 lay=c2 d=0.9 al=0 pi=0.5 im=0 g=0.5 atk=none m=2,100,0,0.000000000000000003469446951953614,0.03699349820698568
0.5,2,0.7,n=12000 a=60 k=8 lay=c2 d=0.7 al=0 pi=0.5 im=0 g=0.5 atk=none m=2,100,0,0.000000000000000003469446951953614,0.03699349820698568
0.5,2,0.7,n=12000 a=60 k=8 lay=c2 d=0.9 al=0 pi=0.5 im=0 g=0.5 atk=none m=2,100,0.05,0.02154367915436796,0.11175046923191913
0.5,2,0.8,null,600,0,0.0000000000000000004336808689942018,0.00636170101370071
0.5,2,0.8,n=3000 a=60 k=8 lay=c2 d=0.9 al=0 pi=0.5 im=0 g=0.5 atk=none m=2,100,0,0.000000000000000003469446951953614,0.03699349820698568
0.5,2,0.8,n=6000 a=60 k=8 lay=c2 d=0.7 al=0 pi=0.5 im=0 g=0.5 atk=none m=2,100,0,0.000000000000000003469446951953614,0.03699349820698568
0.5,2,0.8,n=6000 a=60 k=8 lay=c2 d=0.9 al=0 pi=0.5 im=0 g=0.5 atk=none m=2,100,0,0.000000000000000003469446951953614,0.03699349820698568
0.5,2,0.8,n=12000 a=60 k=8 lay=c2 d=0.7 al=0 pi=0.5 im=0 g=0.5 atk=none m=2,100,0,0.000000000000000003469446951953614,0.03699349820698568
0.5,2,0.8,n=12000 a=60 k=8 lay=c2 d=0.9 al=0 pi=0.5 im=0 g=0.5 atk=none m=2,100,0.05,0.02154367915436796,0.11175046923191913
0.5,2,0.9,null,600,0,0.0000000000000000004336808689942018,0.00636170101370071
0.5,2,0.9,n=3000 a=60 k=8 lay=c2 d=0.9 al=0 pi=0.5 im=0 g=0.5 atk=none m=2,100,0,0.000000000000000003469446951953614,0.03699349820698568
0.5,2,0.9,n=6000 a=60 k=8 lay=c2 d=0.7 al=0 pi=0.5 im=0 g=0.5 atk=none m=2,100,0,0.000000000000000003469446951953614,0.03699349820698568
0.5,2,0.9,n=6000 a=60 k=8 lay=c2 d=0.9 al=0 pi=0.5 im=0 g=0.5 atk=none m=2,100,0,0.000000000000000003469446951953614,0.03699349820698568
0.5,2,0.9,n=12000 a=60 k=8 lay=c2 d=0.7 al=0 pi=0.5 im=0 g=0.5 atk=none m=2,100,0,0.000000000000000003469446951953614,0.03699349820698568
0.5,2,0.9,n=12000 a=60 k=8 lay=c2 d=0.9 al=0 pi=0.5 im=0 g=0.5 atk=none m=2,100,0.05,0.02154367915436796,0.11175046923191913
0.5,2,1,null,600,0,0.0000000000000000004336808689942018,0.00636170101370071
0.5,2,1,n=3000 a=60 k=8 lay=c2 d=0.9 al=0 pi=0.5 im=0 g=0.5 atk=none m=2,100,0,0.000000000000000003469446951953614,0.03699349820698568
0.5,2,1,n=6000 a=60 k=8 lay=c2 d=0.7 al=0 pi=0.5 im=0 g=0.5 atk=none m=2,100,0,0.000000000000000003469446951953614,0.03699349820698568
0.5,2,1,n=6000 a=60 k=8 lay=c2 d=0.9 al=0 pi=0.5 im=0 g=0.5 atk=none m=2,100,0,0.000000000000000003469446951953614,0.03699349820698568
0.5,2,1,n=12000 a=60 k=8 lay=c2 d=0.7 al=0 pi=0.5 im=0 g=0.5 atk=none m=2,100,0,0.000000000000000003469446951953614,0.03699349820698568
0.5,2,1,n=12000 a=60 k=8 lay=c2 d=0.9 al=0 pi=0.5 im=0 g=0.5 atk=none m=2,100,0.05,0.02154367915436796,0.11175046923191913
0.5,2,1.1,null,600,0,0.0000000000000000004336808689942018,0.00636170101370071
0.5,2,1.1,n=3000 a=60 k=8 lay=c2 d=0.9 al=0 pi=0.5 im=0 g=0.5 atk=none m=2,100,0,0.000000000000000003469446951953614,0.03699349820698568
0.5,2,1.1,n=6000 a=60 k=8 lay=c2 d=0.7 al=0 pi=0.5 im=0 g=0.5 atk=none m=2,100,0,0.000000000000000003469446951953614,0.03699349820698568
0.5,2,1.1,n=6000 a=60 k=8 lay=c2 d=0.9 al=0 pi=0.5 im=0 g=0.5 atk=none m=2,100,0,0.000000000000000003469446951953614,0.03699349820698568
0.5,2,1.1,n=12000 a=60 k=8 lay=c2 d=0.7 al=0 pi=0.5 im=0 g=0.5 atk=none m=2,100,0,0.000000000000000003469446951953614,0.03699349820698568
0.5,2,1.1,n=12000 a=60 k=8 lay=c2 d=0.9 al=0 pi=0.5 im=0 g=0.5 atk=none m=2,100,0.05,0.02154367915436796,0.11175046923191913
0.5,2,1.2,null,600,0,0.0000000000000000004336808689942018,0.00636170101370071
0.5,2,1.2,n=3000 a=60 k=8 lay=c2 d=0.9 al=0 pi=0.5 im=0 g=0.5 atk=none m=2,100,0,0.000000000000000003469446951953614,0.03699349820698568
0.5,2,1.2,n=6000 a=60 k=8 lay=c2 d=0.7 al=0 pi=0.5 im=0 g=0.5 atk=none m=2,100,0,0.000000000000000003469446951953614,0.03699349820698568
0.5,2,1.2,n=6000 a=60 k=8 lay=c2 d=0.9 al=0 pi=0.5 im=0 g=0.5 atk=none m=2,100,0,0.000000000000000003469446951953614,0.03699349820698568
0.5,2,1.2,n=12000 a=60 k=8 lay=c2 d=0.7 al=0 pi=0.5 im=0 g=0.5 atk=none m=2,100,0,0.000000000000000003469446951953614,0.03699349820698568
0.5,2,1.2,n=12000 a=60 k=8 lay=c2 d=0.9 al=0 pi=0.5 im=0 g=0.5 atk=none m=2,100,0.05,0.02154367915436796,0.11175046923191913
0.5,2,1.3,null,600,0,0.0000000000000000004336808689942018,0.00636170101370071
0.5,2,1.3,n=3000 a=60 k=8 lay=c2 d=0.9 al=0 pi=0.5 im=0 g=0.5 atk=none m=2,100,0,0.000000000000000003469446951953614,0.03699349820698568
0.5,2,1.3,n=6000 a=60 k=8 lay=c2 d=0.7 al=0 pi=0.5 im=0 g=0.5 atk=none m=2,100,0,0.000000000000000003469446951953614,0.03699349820698568
0.5,2,1.3,n=6000 a=60 k=8 lay=c2 d=0.9 al=0 pi=0.5 im=0 g=0.5 atk=none m=2,100,0,0.000000000000000003469446951953614,0.03699349820698568
0.5,2,1.3,n=12000 a=60 k=8 lay=c2 d=0.7 al=0 pi=0.5 im=0 g=0.5 atk=none m=2,100,0,0.000000000000000003469446951953614,0.03699349820698568
0.5,2,1.3,n=12000 a=60 k=8 lay=c2 d=0.9 al=0 pi=0.5 im=0 g=0.5 atk=none m=2,100,0.05,0.02154367915436796,0.11175046923191913
0.5,2,1.4,null,600,0,0.0000000000000000004336808689942018,0.00636170101370071
0.5,2,1.4,n=3000 a=60 k=8 lay=c2 d=0.9 al=0 pi=0.5 im=0 g=0.5 atk=none m=2,100,0,0.000000000000000003469446951953614,0.03699349820698568
0.5,2,1.4,n=6000 a=60 k=8 lay=c2 d=0.7 al=0 pi=0.5 im=0 g=0.5 atk=none m=2,100,0,0.000000000000000003469446951953614,0.03699349820698568
0.5,2,1.4,n=6000 a=60 k=8 lay=c2 d=0.9 al=0 pi=0.5 im=0 g=0.5 atk=none m=2,100,0,0.000000000000000003469446951953614,0.03699349820698568
0.5,2,1.4,n=12000 a=60 k=8 lay=c2 d=0.7 al=0 pi=0.5 im=0 g=0.5 atk=none m=2,100,0,0.000000000000000003469446951953614,0.03699349820698568
0.5,2,1.4,n=12000 a=60 k=8 lay=c2 d=0.9 al=0 pi=0.5 im=0 g=0.5 atk=none m=2,100,0.05,0.02154367915436796,0.11175046923191913
0.5,2,1.5,null,600,0,0.0000000000000000004336808689942018,0.00636170101370071
0.5,2,1.5,n=3000 a=60 k=8 lay=c2 d=0.9 al=0 pi=0.5 im=0 g=0.5 atk=none m=2,100,0,0.000000000000000003469446951953614,0.03699349820698568
0.5,2,1.5,n=6000 a=60 k=8 lay=c2 d=0.7 al=0 pi=0.5 im=0 g=0.5 atk=none m=2,100,0,0.000000000000000003469446951953614,0.03699349820698568
0.5,2,1.5,n=6000 a=60 k=8 lay=c2 d=0.9 al=0 pi=0.5 im=0 g=0.5 atk=none m=2,100,0,0.000000000000000003469446951953614,0.03699349820698568
0.5,2,1.5,n=12000 a=60 k=8 lay=c2 d=0.7 al=0 pi=0.5 im=0 g=0.5 atk=none m=2,100,0,0.000000000000000003469446951953614,0.03699349820698568
0.5,2,1.5,n=12000 a=60 k=8 lay=c2 d=0.9 al=0 pi=0.5 im=0 g=0.5 atk=none m=2,100,0.045,0.01894074026063436,0.10314300429949243
