threshold,value,n,m,runs,kind,kept,kept_lo,kept_hi
A_MIN,0.4,300,2,400,good,0.3265,0.30571291199978895,0.3479920742995282
A_MIN,0.4,300,2,400,flat,0.02625,0.017232227735299626,0.03979575746957842
A_MIN,0.4,300,2,400,too hard,0.0025,0.0004414477868016362,0.01402328507582339
A_MIN,0.4,300,2,400,guessable,0.2375,0.19841751180740802,0.2815764427180976
A_MIN,0.4,300,2,400,keyed backwards,0,0.0000000000000000008673617379884035,0.009512294334296508
A_MIN,0.4,300,5,400,good,0.8165,0.7989346277970811,0.8328518812738858
A_MIN,0.4,300,5,400,flat,0.15125,0.12809208007527473,0.17774118607818434
A_MIN,0.4,300,5,400,too hard,0.02,0.010168386791664645,0.03896341576926
A_MIN,0.4,300,5,400,guessable,0.9,0.8666894236725972,0.9257007408599657
A_MIN,0.4,300,5,400,keyed backwards,0,0.0000000000000000008673617379884035,0.009512294334296508
A_MIN,0.4,300,4,400,good,0.7765,0.7577221910948639,0.7942176817586031
A_MIN,0.4,300,4,400,flat,0.12125,0.10042246658182122,0.1456975321439784
A_MIN,0.4,300,4,400,too hard,0,0.0000000000000000008673617379884035,0.009512294334296508
A_MIN,0.4,300,4,400,guessable,0.8425,0.8035652075632727,0.8749188708177342
A_MIN,0.4,300,4,400,keyed backwards,0,0.0000000000000000008673617379884035,0.009512294334296508
A_MIN,0.4,600,2,400,good,0.361,0.3402356931759409,0.3822972459682474
A_MIN,0.4,600,2,400,flat,0,0.0000000000000000008673617379884035,0.009512294334296508
A_MIN,0.4,600,2,400,too hard,0,0.0000000000000000008673617379884035,0.009512294334296508
A_MIN,0.4,600,2,400,guessable,0.1725,0.13863520728428091,0.2125953455046833
A_MIN,0.4,600,2,400,keyed backwards,0,0.0000000000000000008673617379884035,0.009512294334296508
A_MIN,0.4,600,4,400,good,0.7895,0.7710871981211036,0.8068028315030509
A_MIN,0.4,600,4,400,flat,0.06,0.04555127089333948,0.07865414016765543
A_MIN,0.4,600,4,400,too hard,0.0025,0.0004414477868016362,0.01402328507582339
A_MIN,0.4,600,4,400,guessable,0.8875,0.8527764306768796,0.9148515412140404
A_MIN,0.4,600,4,400,keyed backwards,0,0.0000000000000000008673617379884035,0.009512294334296508
A_MIN,0.4,600,5,400,good,0.8395,0.8227641986329085,0.8549341262631208
A_MIN,0.4,600,5,400,flat,0.095,0.07657347470808379,0.11729741501851382
A_MIN,0.4,600,5,400,too hard,0,0.0000000000000000008673617379884035,0.009512294334296508
A_MIN,0.4,600,5,400,guessable,0.925,0.8949522937386957,0.9469622560771523
A_MIN,0.4,600,5,400,keyed backwards,0,0.0000000000000000008673617379884035,0.009512294334296508
A_MIN,0.4,1500,2,400,good,0.327,0.306789095701304,0.34787420265800945
A_MIN,0.4,1500,2,400,flat,0,0.0000000000000000008673617379884035,0.009512294334296508
A_MIN,0.4,1500,2,400,too hard,0,0.0000000000000000008673617379884035,0.009512294334296508
A_MIN,0.4,1500,2,400,guessable,0.0825,0.05934587622971528,0.1135968895394223
A_MIN,0.4,1500,2,400,keyed backwards,0,0.0000000000000000008673617379884035,0.009512294334296508
A_MIN,0.4,1500,4,400,good,0.7805,0.7618317079481217,0.7980928285270953
A_MIN,0.4,1500,4,400,flat,0.01625,0.009520810762762571,0.027602751966228994
A_MIN,0.4,1500,4,400,too hard,0,0.0000000000000000008673617379884035,0.009512294334296508
A_MIN,0.4,1500,4,400,guessable,0.6575,0.6096946457889129,0.7023089814957836
A_MIN,0.4,1500,4,400,keyed backwards,0,0.0000000000000000008673617379884035,0.009512294334296508
A_MIN,0.4,1500,5,400,good,0.827,0.8098000496879411,0.8429462013901193
A_MIN,0.4,1500,5,400,flat,0.04,0.02847453376055327,0.05592203234866869
A_MIN,0.4,1500,5,400,too hard,0,0.0000000000000000008673617379884035,0.009512294334296508
A_MIN,0.4,1500,5,400,guessable,0.7075,0.6611144240081159,0.7499379738431511
A_MIN,0.4,1500,5,400,keyed backwards,0,0.0000000000000000008673617379884035,0.009512294334296508
A_MIN,0.5,300,2,400,good,0.3265,0.30571291199978895,0.3479920742995282
A_MIN,0.5,300,2,400,flat,0.02625,0.017232227735299626,0.03979575746957842
A_MIN,0.5,300,2,400,too hard,0.0025,0.0004414477868016362,0.01402328507582339
A_MIN,0.5,300,2,400,guessable,0.2375,0.19841751180740802,0.2815764427180976
A_MIN,0.5,300,2,400,keyed backwards,0,0.0000000000000000008673617379884035,0.009512294334296508
A_MIN,0.5,300,5,400,good,0.8165,0.7989346277970811,0.8328518812738858
A_MIN,0.5,300,5,400,flat,0.15,0.1269318643770823,0.17641334896689095
A_MIN,0.5,300,5,400,too hard,0.02,0.010168386791664645,0.03896341576926
A_MIN,0.5,300,5,400,guessable,0.9,0.8666894236725972,0.9257007408599657
A_MIN,0.5,300,5,400,keyed backwards,0,0.0000000000000000008673617379884035,0.009512294334296508
A_MIN,0.5,300,4,400,good,0.7765,0.7577221910948639,0.7942176817586031
A_MIN,0.5,300,4,400,flat,0.11875,0.09813489199686798,0.14300900110996
A_MIN,0.5,300,4,400,too hard,0,0.0000000000000000008673617379884035,0.009512294334296508
A_MIN,0.5,300,4,400,guessable,0.8425,0.8035652075632727,0.8749188708177342
A_MIN,0.5,300,4,400,keyed backwards,0,0.0000000000000000008673617379884035,0.009512294334296508
A_MIN,0.5,600,2,400,good,0.361,0.3402356931759409,0.3822972459682474
A_MIN,0.5,600,2,400,flat,0,0.0000000000000000008673617379884035,0.009512294334296508
A_MIN,0.5,600,2,400,too hard,0,0.0000000000000000008673617379884035,0.009512294334296508
A_MIN,0.5,600,2,400,guessable,0.1725,0.13863520728428091,0.2125953455046833
A_MIN,0.5,600,2,400,keyed backwards,0,0.0000000000000000008673617379884035,0.009512294334296508
A_MIN,0.5,600,4,400,good,0.7895,0.7710871981211036,0.8068028315030509
A_MIN,0.5,600,4,400,flat,0.06,0.04555127089333948,0.07865414016765543
A_MIN,0.5,600,4,400,too hard,0.0025,0.0004414477868016362,0.01402328507582339
A_MIN,0.5,600,4,400,guessable,0.8875,0.8527764306768796,0.9148515412140404
A_MIN,0.5,600,4,400,keyed backwards,0,0.0000000000000000008673617379884035,0.009512294334296508
A_MIN,0.5,600,5,400,good,0.8395,0.8227641986329085,0.8549341262631208
A_MIN,0.5,600,5,400,flat,0.095,0.07657347470808379,0.11729741501851382
A_MIN,0.5,600,5,400,too hard,0,0.0000000000000000008673617379884035,0.009512294334296508
A_MIN,0.5,600,5,400,guessable,0.925,0.8949522937386957,0.9469622560771523
A_MIN,0.5,600,5,400,keyed backwards,0,0.0000000000000000008673617379884035,0.009512294334296508
A_MIN,0.5,1500,2,400,good,0.327,0.306789095701304,0.34787420265800945
A_MIN,0.5,1500,2,400,flat,0,0.0000000000000000008673617379884035,0.009512294334296508
A_MIN,0.5,1500,2,400,too hard,0,0.0000000000000000008673617379884035,0.009512294334296508
A_MIN,0.5,1500,2,400,guessable,0.0825,0.05934587622971528,0.1135968895394223
A_MIN,0.5,1500,2,400,keyed backwards,0,0.0000000000000000008673617379884035,0.009512294334296508
A_MIN,0.5,1500,4,400,good,0.7805,0.7618317079481217,0.7980928285270953
A_MIN,0.5,1500,4,400,flat,0.01625,0.009520810762762571,0.027602751966228994
A_MIN,0.5,1500,4,400,too hard,0,0.0000000000000000008673617379884035,0.009512294334296508
A_MIN,0.5,1500,4,400,guessable,0.6575,0.6096946457889129,0.7023089814957836
A_MIN,0.5,1500,4,400,keyed backwards,0,0.0000000000000000008673617379884035,0.009512294334296508
A_MIN,0.5,1500,5,400,good,0.827,0.8098000496879411,0.8429462013901193
A_MIN,0.5,1500,5,400,flat,0.04,0.02847453376055327,0.05592203234866869
A_MIN,0.5,1500,5,400,too hard,0,0.0000000000000000008673617379884035,0.009512294334296508
A_MIN,0.5,1500,5,400,guessable,0.7075,0.6611144240081159,0.7499379738431511
A_MIN,0.5,1500,5,400,keyed backwards,0,0.0000000000000000008673617379884035,0.009512294334296508
A_MIN,0.6,300,2,400,good,0.3265,0.30571291199978895,0.3479920742995282
A_MIN,0.6,300,2,400,flat,0.02625,0.017232227735299626,0.03979575746957842
A_MIN,0.6,300,2,400,too hard,0.0025,0.0004414477868016362,0.01402328507582339
A_MIN,0.6,300,2,400,guessable,0.2375,0.19841751180740802,0.2815764427180976
A_MIN,0.6,300,2,400,keyed backwards,0,0.0000000000000000008673617379884035,0.009512294334296508
A_MIN,0.6,300,5,400,good,0.81,0.7922188962409942,0.826592534444629
A_MIN,0.6,300,5,400,flat,0.1075,0.08788102147694288,0.13087039634451283
A_MIN,0.6,300,5,400,too hard,0.02,0.010168386791664645,0.03896341576926
A_MIN,0.6,300,5,400,guessable,0.8875,0.8527764306768796,0.9148515412140404
A_MIN,0.6,300,5,400,keyed backwards,0,0.0000000000000000008673617379884035,0.009512294334296508
A_MIN,0.6,300,4,400,good,0.7705,0.7515624295814481,0.7884004478393939
A_MIN,0.6,300,4,400,flat,0.105,0.08561189202600936,0.12816342017647472
A_MIN,0.6,300,4,400,too hard,0,0.0000000000000000008673617379884035,0.009512294334296508
A_MIN,0.6,300,4,400,guessable,0.835,0.7954717951637494,0.8681549676322718
A_MIN,0.6,300,4,400,keyed backwards,0,0.0000000000000000008673617379884035,0.009512294334296508
A_MIN,0.6,600,2,400,good,0.361,0.3402356931759409,0.3822972459682474
A_MIN,0.6,600,2,400,flat,0,0.0000000000000000008673617379884035,0.009512294334296508
A_MIN,0.6,600,2,400,too hard,0,0.0000000000000000008673617379884035,0.009512294334296508
A_MIN,0.6,600,2,400,guessable,0.1725,0.13863520728428091,0.2125953455046833
A_MIN,0.6,600,2,400,keyed backwards,0,0.0000000000000000008673617379884035,0.009512294334296508
A_MIN,0.6,600,4,400,good,0.7875,0.769029316309502,0.8048683815037775
A_MIN,0.6,600,4,400,flat,0.045,0.032679556110122895,0.0616692212370423
A_MIN,0.6,600,4,400,too hard,0.0025,0.0004414477868016362,0.01402328507582339
A_MIN,0.6,600,4,400,guessable,0.885,0.850008455984224,0.9126670773783676
A_MIN,0.6,600,4,400,keyed backwards,0,0.0000000000000000008673617379884035,0.009512294334296508
A_MIN,0.6,600,5,400,good,0.8345,0.8175745797509876,0.8501429156178543
A_MIN,0.6,600,5,400,flat,0.0575,0.04338329484491769,0.0758460105971056
A_MIN,0.6,600,5,400,too hard,0,0.0000000000000000008673617379884035,0.009512294334296508
A_MIN,0.6,600,5,400,guessable,0.92,0.8892454231693245,0.9427642495898665
A_MIN,0.6,600,5,400,keyed backwards,0,0.0000000000000000008673617379884035,0.009512294334296508
A_MIN,0.6,1500,2,400,good,0.327,0.306789095701304,0.34787420265800945
A_MIN,0.6,1500,2,400,flat,0,0.0000000000000000008673617379884035,0.009512294334296508
A_MIN,0.6,1500,2,400,too hard,0,0.0000000000000000008673617379884035,0.009512294334296508
A_MIN,0.6,1500,2,400,guessable,0.0825,0.05934587622971528,0.1135968895394223
A_MIN,0.6,1500,2,400,keyed backwards,0,0.0000000000000000008673617379884035,0.009512294334296508
A_MIN,0.6,1500,4,400,good,0.7805,0.7618317079481217,0.7980928285270953
A_MIN,0.6,1500,4,400,flat,0.01375,0.007694841042769546,0.024452616067250396
A_MIN,0.6,1500,4,400,too hard,0,0.0000000000000000008673617379884035,0.009512294334296508
A_MIN,0.6,1500,4,400,guessable,0.6575,0.6096946457889129,0.7023089814957836
A_MIN,0.6,1500,4,400,keyed backwards,0,0.0000000000000000008673617379884035,0.009512294334296508
A_MIN,0.6,1500,5,400,good,0.8255,0.8082465225788182,0.8415054796410861
A_MIN,0.6,1500,5,400,flat,0.01875,0.011395141407343122,0.030704526940620064
A_MIN,0.6,1500,5,400,too hard,0,0.0000000000000000008673617379884035,0.009512294334296508
A_MIN,0.6,1500,5,400,guessable,0.7075,0.6611144240081159,0.7499379738431511
A_MIN,0.6,1500,5,400,keyed backwards,0,0.0000000000000000008673617379884035,0.009512294334296508
A_MIN,0.7,300,2,400,good,0.3255,0.3047040948790313,0.3470068689331255
A_MIN,0.7,300,2,400,flat,0.025,0.016241010941098317,0.03829892145429392
A_MIN,0.7,300,2,400,too hard,0.0025,0.0004414477868016362,0.01402328507582339
A_MIN,0.7,300,2,400,guessable,0.235,0.1960909748126292,0.278950541184548
A_MIN,0.7,300,2,400,keyed backwards,0,0.0000000000000000008673617379884035,0.009512294334296508
A_MIN,0.7,300,5,400,good,0.7815,0.7628594699623829,0.7990612324182716
A_MIN,0.7,300,5,400,flat,0.06,0.04511046993941249,0.07939546281683221
A_MIN,0.7,300,5,400,too hard,0.02,0.010168386791664645,0.03896341576926
A_MIN,0.7,300,5,400,guessable,0.7875,0.7447739406814162,0.8247564900763633
A_MIN,0.7,300,5,400,keyed backwards,0,0.0000000000000000008673617379884035,0.009512294334296508
A_MIN,0.7,300,4,400,good,0.7505,0.7310672801973589,0.7689722791147332
A_MIN,0.7,300,4,400,flat,0.055,0.04122362792595932,0.07302957189709236
A_MIN,0.7,300,4,400,too hard,0,0.0000000000000000008673617379884035,0.009512294334296508
A_MIN,0.7,300,4,400,guessable,0.765,0.7210494588154521,0.8039090251873708
A_MIN,0.7,300,4,400,keyed backwards,0,0.0000000000000000008673617379884035,0.009512294334296508
A_MIN,0.7,600,2,400,good,0.361,0.3402356931759409,0.3822972459682474
A_MIN,0.7,600,2,400,flat,0,0.0000000000000000008673617379884035,0.009512294334296508
A_MIN,0.7,600,2,400,too hard,0,0.0000000000000000008673617379884035,0.009512294334296508
A_MIN,0.7,600,2,400,guessable,0.1725,0.13863520728428091,0.2125953455046833
A_MIN,0.7,600,2,400,keyed backwards,0,0.0000000000000000008673617379884035,0.009512294334296508
A_MIN,0.7,600,4,400,good,0.76,0.7407954762163633,0.7782076591973852
A_MIN,0.7,600,4,400,flat,0.0125,0.006803696588795503,0.022855707711738636
A_MIN,0.7,600,4,400,too hard,0.0025,0.0004414477868016362,0.01402328507582339
A_MIN,0.7,600,4,400,guessable,0.84,0.8008643954521164,0.8726672444005619
A_MIN,0.7,600,4,400,keyed backwards,0,0.0000000000000000008673617379884035,0.009512294334296508
A_MIN,0.7,600,5,400,good,0.8035,0.7855107983788351,0.8203255539214444
A_MIN,0.7,600,5,400,flat,0.01375,0.007694841042769546,0.024452616067250396
A_MIN,0.7,600,5,400,too hard,0,0.0000000000000000008673617379884035,0.009512294334296508
A_MIN,0.7,600,5,400,guessable,0.865,0.8280190157519688,0.8950370093839947
A_MIN,0.7,600,5,400,keyed backwards,0,0.0000000000000000008673617379884035,0.009512294334296508
A_MIN,0.7,1500,2,400,good,0.327,0.306789095701304,0.34787420265800945
A_MIN,0.7,1500,2,400,flat,0,0.0000000000000000008673617379884035,0.009512294334296508
A_MIN,0.7,1500,2,400,too hard,0,0.0000000000000000008673617379884035,0.009512294334296508
A_MIN,0.7,1500,2,400,guessable,0.0825,0.05934587622971528,0.1135968895394223
A_MIN,0.7,1500,2,400,keyed backwards,0,0.0000000000000000008673617379884035,0.009512294334296508
A_MIN,0.7,1500,4,400,good,0.76,0.7407954762163633,0.7782076591973852
A_MIN,0.7,1500,4,400,flat,0.00375,0.00127614042669069,0.010966894207442773
A_MIN,0.7,1500,4,400,too hard,0,0.0000000000000000008673617379884035,0.009512294334296508
A_MIN,0.7,1500,4,400,guessable,0.65,0.6020319607074738,0.6951143509922373
A_MIN,0.7,1500,4,400,keyed backwards,0,0.0000000000000000008673617379884035,0.009512294334296508
A_MIN,0.7,1500,5,400,good,0.8,0.7819018061397925,0.8169479654914557
A_MIN,0.7,1500,5,400,flat,0.00125,0.00022049661479768036,0.0070523699724249775
A_MIN,0.7,1500,5,400,too hard,0,0.0000000000000000008673617379884035,0.009512294334296508
A_MIN,0.7,1500,5,400,guessable,0.705,0.658528950995276,0.7475710083276624
A_MIN,0.7,1500,5,400,keyed backwards,0,0.0000000000000000008673617379884035,0.009512294334296508
A_MIN,0.8,300,2,400,good,0.317,0.2964993510680284,0.3382366083824442
A_MIN,0.8,300,2,400,flat,0.0225,0.014278935845633124,0.03528489093078749
A_MIN,0.8,300,2,400,too hard,0.0025,0.0004414477868016362,0.01402328507582339
A_MIN,0.8,300,2,400,guessable,0.2275,0.18912326740735153,0.2710609330048401
A_MIN,0.8,300,2,400,keyed backwards,0,0.0000000000000000008673617379884035,0.009512294334296508
A_MIN,0.8,300,5,400,good,0.7295,0.7096053716888759,0.7485147036090289
A_MIN,0.8,300,5,400,flat,0.03125,0.0207284827653421,0.04685656845421622
A_MIN,0.8,300,5,400,too hard,0.02,0.010168386791664645,0.03896341576926
A_MIN,0.8,300,5,400,guessable,0.6325,0.5842006805216781,0.6782785614797332
A_MIN,0.8,300,5,400,keyed backwards,0,0.0000000000000000008673617379884035,0.009512294334296508
A_MIN,0.8,300,4,400,good,0.701,0.6805657416142541,0.7206636053786821
A_MIN,0.8,300,4,400,flat,0.0175,0.010452543513909231,0.029159072024568154
A_MIN,0.8,300,4,400,too hard,0,0.0000000000000000008673617379884035,0.009512294334296508
A_MIN,0.8,300,4,400,guessable,0.6175,0.5689692933715043,0.6637953174599363
A_MIN,0.8,300,4,400,keyed backwards,0,0.0000000000000000008673617379884035,0.009512294334296508
A_MIN,0.8,600,2,400,good,0.3575,0.3367872695395422,0.37875908893561483
A_MIN,0.8,600,2,400,flat,0,0.0000000000000000008673617379884035,0.009512294334296508
A_MIN,0.8,600,2,400,too hard,0,0.0000000000000000008673617379884035,0.009512294334296508
A_MIN,0.8,600,2,400,guessable,0.1725,0.13863520728428091,0.2125953455046833
A_MIN,0.8,600,2,400,keyed backwards,0,0.0000000000000000008673617379884035,0.009512294334296508
A_MIN,0.8,600,4,400,good,0.705,0.6846357170878257,0.7245782935268605
A_MIN,0.8,600,4,400,flat,0.00125,0.00022049661479767993,0.007052369972424973
A_MIN,0.8,600,4,400,too hard,0.0025,0.0004414477868016362,0.01402328507582339
A_MIN,0.8,600,4,400,guessable,0.7025,0.6559450648860605,0.7452024559085495
A_MIN,0.8,600,4,400,keyed backwards,0,0.0000000000000000008673617379884035,0.009512294334296508
A_MIN,0.8,600,5,400,good,0.7545,0.7351618535412222,0.7728623693926199
A_MIN,0.8,600,5,400,flat,0.0025,0.0006858581068306035,0.00906912371781705
A_MIN,0.8,600,5,400,too hard,0,0.0000000000000000008673617379884035,0.009512294334296508
A_MIN,0.8,600,5,400,guessable,0.7175,0.6714724243160557,0.7593897276485253
A_MIN,0.8,600,5,400,keyed backwards,0,0.0000000000000000008673617379884035,0.009512294334296508
A_MIN,0.8,1500,2,400,good,0.3225,0.30237130823180935,0.3433092435530354
A_MIN,0.8,1500,2,400,flat,0,0.0000000000000000008673617379884035,0.009512294334296508
A_MIN,0.8,1500,2,400,too hard,0,0.0000000000000000008673617379884035,0.009512294334296508
A_MIN,0.8,1500,2,400,guessable,0.0825,0.05934587622971528,0.1135968895394223
A_MIN,0.8,1500,2,400,keyed backwards,0,0.0000000000000000008673617379884035,0.009512294334296508
A_MIN,0.8,1500,4,400,good,0.696,0.6754808301901352,0.7157676872756136
A_MIN,0.8,1500,4,400,flat,0,0.0000000000000000008673617379884035,0.009512294334296508
A_MIN,0.8,1500,4,400,too hard,0,0.0000000000000000008673617379884035,0.009512294334296508
A_MIN,0.8,1500,4,400,guessable,0.5425,0.4935050345733776,0.5906864204082072
A_MIN,0.8,1500,4,400,keyed backwards,0,0.0000000000000000008673617379884035,0.009512294334296508
A_MIN,0.8,1500,5,400,good,0.733,0.7131784278198119,0.7519282281471242
A_MIN,0.8,1500,5,400,flat,0,0.0000000000000000008673617379884035,0.009512294334296508
A_MIN,0.8,1500,5,400,too hard,0,0.0000000000000000008673617379884035,0.009512294334296508
A_MIN,0.8,1500,5,400,guessable,0.635,0.5867439222120918,0.680687758317648
A_MIN,0.8,1500,5,400,keyed backwards,0,0.0000000000000000008673617379884035,0.009512294334296508
B_ABS_MAX,2,300,2,400,good,0.3265,0.30571291199978895,0.3479920742995282
B_ABS_MAX,2,300,2,400,flat,0.02625,0.017232227735299626,0.03979575746957842
B_ABS_MAX,2,300,2,400,too hard,0.0025,0.0004414477868016362,0.01402328507582339
B_ABS_MAX,2,300,2,400,guessable,0.2375,0.19841751180740802,0.2815764427180976
B_ABS_MAX,2,300,2,400,keyed backwards,0,0.0000000000000000008673617379884035,0.009512294334296508
B_ABS_MAX,2,300,5,400,good,0.8045,0.786542328328027,0.82129018987769
B_ABS_MAX,2,300,5,400,flat,0.1075,0.08788102147694288,0.13087039634451283
B_ABS_MAX,2,300,5,400,too hard,0.0125,0.005350750779971611,0.028923736195967484
B_ABS_MAX,2,300,5,400,guessable,0.8875,0.8527764306768796,0.9148515412140404
B_ABS_MAX,2,300,5,400,keyed backwards,0,0.0000000000000000008673617379884035,0.009512294334296508
B_ABS_MAX,2,300,4,400,good,0.768,0.7489974299982998,0.7859750326589487
B_ABS_MAX,2,300,4,400,flat,0.105,0.08561189202600936,0.12816342017647472
B_ABS_MAX,2,300,4,400,too hard,0,0.0000000000000000008673617379884035,0.009512294334296508
B_ABS_MAX,2,300,4,400,guessable,0.835,0.7954717951637494,0.8681549676322718
B_ABS_MAX,2,300,4,400,keyed backwards,0,0.0000000000000000008673617379884035,0.009512294334296508
B_ABS_MAX,2,600,2,400,good,0.361,0.3402356931759409,0.3822972459682474
B_ABS_MAX,2,600,2,400,flat,0,0.0000000000000000008673617379884035,0.009512294334296508
B_ABS_MAX,2,600,2,400,too hard,0,0.0000000000000000008673617379884035,0.009512294334296508
B_ABS_MAX,2,600,2,400,guessable,0.1725,0.13863520728428091,0.2125953455046833
B_ABS_MAX,2,600,2,400,keyed backwards,0,0.0000000000000000008673617379884035,0.009512294334296508
B_ABS_MAX,2,600,4,400,good,0.787,0.7685149457171953,0.8043846691433655
B_ABS_MAX,2,600,4,400,flat,0.045,0.032679556110122895,0.0616692212370423
B_ABS_MAX,2,600,4,400,too hard,0.0025,0.0004414477868016362,0.01402328507582339
B_ABS_MAX,2,600,4,400,guessable,0.885,0.850008455984224,0.9126670773783676
B_ABS_MAX,2,600,4,400,keyed backwards,0,0.0000000000000000008673617379884035,0.009512294334296508
B_ABS_MAX,2,600,5,400,good,0.829,0.8118721250567162,0.8448664578322191
B_ABS_MAX,2,600,5,400,flat,0.0575,0.04338329484491769,0.0758460105971056
B_ABS_MAX,2,600,5,400,too hard,0,0.0000000000000000008673617379884035,0.009512294334296508
B_ABS_MAX,2,600,5,400,guessable,0.92,0.8892454231693245,0.9427642495898665
B_ABS_MAX,2,600,5,400,keyed backwards,0,0.0000000000000000008673617379884035,0.009512294334296508
B_ABS_MAX,2,1500,2,400,good,0.327,0.306789095701304,0.34787420265800945
B_ABS_MAX,2,1500,2,400,flat,0,0.0000000000000000008673617379884035,0.009512294334296508
B_ABS_MAX,2,1500,2,400,too hard,0,0.0000000000000000008673617379884035,0.009512294334296508
B_ABS_MAX,2,1500,2,400,guessable,0.0825,0.05934587622971528,0.1135968895394223
B_ABS_MAX,2,1500,2,400,keyed backwards,0,0.0000000000000000008673617379884035,0.009512294334296508
B_ABS_MAX,2,1500,4,400,good,0.7805,0.7618317079481217,0.7980928285270953
B_ABS_MAX,2,1500,4,400,flat,0.01375,0.007694841042769546,0.024452616067250396
B_ABS_MAX,2,1500,4,400,too hard,0,0.0000000000000000008673617379884035,0.009512294334296508
B_ABS_MAX,2,1500,4,400,guessable,0.6575,0.6096946457889129,0.7023089814957836
B_ABS_MAX,2,1500,4,400,keyed backwards,0,0.0000000000000000008673617379884035,0.009512294334296508
B_ABS_MAX,2,1500,5,400,good,0.825,0.8077287801376518,0.8410251391295336
B_ABS_MAX,2,1500,5,400,flat,0.01875,0.011395141407343122,0.030704526940620064
B_ABS_MAX,2,1500,5,400,too hard,0,0.0000000000000000008673617379884035,0.009512294334296508
B_ABS_MAX,2,1500,5,400,guessable,0.7075,0.6611144240081159,0.7499379738431511
B_ABS_MAX,2,1500,5,400,keyed backwards,0,0.0000000000000000008673617379884035,0.009512294334296508
B_ABS_MAX,2.25,300,2,400,good,0.3265,0.30571291199978895,0.3479920742995282
B_ABS_MAX,2.25,300,2,400,flat,0.02625,0.017232227735299626,0.03979575746957842
B_ABS_MAX,2.25,300,2,400,too hard,0.0025,0.0004414477868016362,0.01402328507582339
B_ABS_MAX,2.25,300,2,400,guessable,0.2375,0.19841751180740802,0.2815764427180976
B_ABS_MAX,2.25,300,2,400,keyed backwards,0,0.0000000000000000008673617379884035,0.009512294334296508
B_ABS_MAX,2.25,300,5,400,good,0.8085,0.7906702069434384,0.8251469748840286
B_ABS_MAX,2.25,300,5,400,flat,0.1075,0.08788102147694288,0.13087039634451283
B_ABS_MAX,2.25,300,5,400,too hard,0.02,0.010168386791664645,0.03896341576926
B_ABS_MAX,2.25,300,5,400,guessable,0.8875,0.8527764306768796,0.9148515412140404
B_ABS_MAX,2.25,300,5,400,keyed backwards,0,0.0000000000000000008673617379884035,0.009512294334296508
B_ABS_MAX,2.25,300,4,400,good,0.7705,0.7515624295814481,0.7884004478393939
B_ABS_MAX,2.25,300,4,400,flat,0.105,0.08561189202600936,0.12816342017647472
B_ABS_MAX,2.25,300,4,400,too hard,0,0.0000000000000000008673617379884035,0.009512294334296508
B_ABS_MAX,2.25,300,4,400,guessable,0.835,0.7954717951637494,0.8681549676322718
B_ABS_MAX,2.25,300,4,400,keyed backwards,0,0.0000000000000000008673617379884035,0.009512294334296508
B_ABS_MAX,2.25,600,2,400,good,0.361,0.3402356931759409,0.3822972459682474
B_ABS_MAX,2.25,600,2,400,flat,0,0.0000000000000000008673617379884035,0.009512294334296508
B_ABS_MAX,2.25,600,2,400,too hard,0,0.0000000000000000008673617379884035,0.009512294334296508
B_ABS_MAX,2.25,600,2,400,guessable,0.1725,0.13863520728428091,0.2125953455046833
B_ABS_MAX,2.25,600,2,400,keyed backwards,0,0.0000000000000000008673617379884035,0.009512294334296508
B_ABS_MAX,2.25,600,4,400,good,0.7875,0.769029316309502,0.8048683815037775
B_ABS_MAX,2.25,600,4,400,flat,0.045,0.032679556110122895,0.0616692212370423
B_ABS_MAX,2.25,600,4,400,too hard,0.0025,0.0004414477868016362,0.01402328507582339
B_ABS_MAX,2.25,600,4,400,guessable,0.885,0.850008455984224,0.9126670773783676
B_ABS_MAX,2.25,600,4,400,keyed backwards,0,0.0000000000000000008673617379884035,0.009512294334296508
B_ABS_MAX,2.25,600,5,400,good,0.8345,0.8175745797509876,0.8501429156178543
B_ABS_MAX,2.25,600,5,400,flat,0.0575,0.04338329484491769,0.0758460105971056
B_ABS_MAX,2.25,600,5,400,too hard,0,0.0000000000000000008673617379884035,0.009512294334296508
B_ABS_MAX,2.25,600,5,400,guessable,0.92,0.8892454231693245,0.9427642495898665
B_ABS_MAX,2.25,600,5,400,keyed backwards,0,0.0000000000000000008673617379884035,0.009512294334296508
B_ABS_MAX,2.25,1500,2,400,good,0.327,0.306789095701304,0.34787420265800945
B_ABS_MAX,2.25,1500,2,400,flat,0,0.0000000000000000008673617379884035,0.009512294334296508
B_ABS_MAX,2.25,1500,2,400,too hard,0,0.0000000000000000008673617379884035,0.009512294334296508
B_ABS_MAX,2.25,1500,2,400,guessable,0.0825,0.05934587622971528,0.1135968895394223
B_ABS_MAX,2.25,1500,2,400,keyed backwards,0,0.0000000000000000008673617379884035,0.009512294334296508
B_ABS_MAX,2.25,1500,4,400,good,0.7805,0.7618317079481217,0.7980928285270953
B_ABS_MAX,2.25,1500,4,400,flat,0.01375,0.007694841042769546,0.024452616067250396
B_ABS_MAX,2.25,1500,4,400,too hard,0,0.0000000000000000008673617379884035,0.009512294334296508
B_ABS_MAX,2.25,1500,4,400,guessable,0.6575,0.6096946457889129,0.7023089814957836
B_ABS_MAX,2.25,1500,4,400,keyed backwards,0,0.0000000000000000008673617379884035,0.009512294334296508
B_ABS_MAX,2.25,1500,5,400,good,0.8255,0.8082465225788182,0.8415054796410861
B_ABS_MAX,2.25,1500,5,400,flat,0.01875,0.011395141407343122,0.030704526940620064
B_ABS_MAX,2.25,1500,5,400,too hard,0,0.0000000000000000008673617379884035,0.009512294334296508
B_ABS_MAX,2.25,1500,5,400,guessable,0.7075,0.6611144240081159,0.7499379738431511
B_ABS_MAX,2.25,1500,5,400,keyed backwards,0,0.0000000000000000008673617379884035,0.009512294334296508
B_ABS_MAX,2.5,300,2,400,good,0.3265,0.30571291199978895,0.3479920742995282
B_ABS_MAX,2.5,300,2,400,flat,0.02625,0.017232227735299626,0.03979575746957842
B_ABS_MAX,2.5,300,2,400,too hard,0.0025,0.0004414477868016362,0.01402328507582339
B_ABS_MAX,2.5,300,2,400,guessable,0.2375,0.19841751180740802,0.2815764427180976
B_ABS_MAX,2.5,300,2,400,keyed backwards,0,0.0000000000000000008673617379884035,0.009512294334296508
B_ABS_MAX,2.5,300,5,400,good,0.81,0.7922188962409942,0.826592534444629
B_ABS_MAX,2.5,300,5,400,flat,0.1075,0.08788102147694288,0.13087039634451283
B_ABS_MAX,2.5,300,5,400,too hard,0.02,0.010168386791664645,0.03896341576926
B_ABS_MAX,2.5,300,5,400,guessable,0.8875,0.8527764306768796,0.9148515412140404
B_ABS_MAX,2.5,300,5,400,keyed backwards,0,0.0000000000000000008673617379884035,0.009512294334296508
B_ABS_MAX,2.5,300,4,400,good,0.7705,0.7515624295814481,0.7884004478393939
B_ABS_MAX,2.5,300,4,400,flat,0.105,0.08561189202600936,0.12816342017647472
B_ABS_MAX,2.5,300,4,400,too hard,0,0.0000000000000000008673617379884035,0.009512294334296508
B_ABS_MAX,2.5,300,4,400,guessable,0.835,0.7954717951637494,0.8681549676322718
B_ABS_MAX,2.5,300,4,400,keyed backwards,0,0.0000000000000000008673617379884035,0.009512294334296508
B_ABS_MAX,2.5,600,2,400,good,0.361,0.3402356931759409,0.3822972459682474
B_ABS_MAX,2.5,600,2,400,flat,0,0.0000000000000000008673617379884035,0.009512294334296508
B_ABS_MAX,2.5,600,2,400,too hard,0,0.0000000000000000008673617379884035,0.009512294334296508
B_ABS_MAX,2.5,600,2,400,guessable,0.1725,0.13863520728428091,0.2125953455046833
B_ABS_MAX,2.5,600,2,400,keyed backwards,0,0.0000000000000000008673617379884035,0.009512294334296508
B_ABS_MAX,2.5,600,4,400,good,0.7875,0.769029316309502,0.8048683815037775
B_ABS_MAX,2.5,600,4,400,flat,0.045,0.032679556110122895,0.0616692212370423
B_ABS_MAX,2.5,600,4,400,too hard,0.0025,0.0004414477868016362,0.01402328507582339
B_ABS_MAX,2.5,600,4,400,guessable,0.885,0.850008455984224,0.9126670773783676
B_ABS_MAX,2.5,600,4,400,keyed backwards,0,0.0000000000000000008673617379884035,0.009512294334296508
B_ABS_MAX,2.5,600,5,400,good,0.8345,0.8175745797509876,0.8501429156178543
B_ABS_MAX,2.5,600,5,400,flat,0.0575,0.04338329484491769,0.0758460105971056
B_ABS_MAX,2.5,600,5,400,too hard,0,0.0000000000000000008673617379884035,0.009512294334296508
B_ABS_MAX,2.5,600,5,400,guessable,0.92,0.8892454231693245,0.9427642495898665
B_ABS_MAX,2.5,600,5,400,keyed backwards,0,0.0000000000000000008673617379884035,0.009512294334296508
B_ABS_MAX,2.5,1500,2,400,good,0.327,0.306789095701304,0.34787420265800945
B_ABS_MAX,2.5,1500,2,400,flat,0,0.0000000000000000008673617379884035,0.009512294334296508
B_ABS_MAX,2.5,1500,2,400,too hard,0,0.0000000000000000008673617379884035,0.009512294334296508
B_ABS_MAX,2.5,1500,2,400,guessable,0.0825,0.05934587622971528,0.1135968895394223
B_ABS_MAX,2.5,1500,2,400,keyed backwards,0,0.0000000000000000008673617379884035,0.009512294334296508
B_ABS_MAX,2.5,1500,4,400,good,0.7805,0.7618317079481217,0.7980928285270953
B_ABS_MAX,2.5,1500,4,400,flat,0.01375,0.007694841042769546,0.024452616067250396
B_ABS_MAX,2.5,1500,4,400,too hard,0,0.0000000000000000008673617379884035,0.009512294334296508
B_ABS_MAX,2.5,1500,4,400,guessable,0.6575,0.6096946457889129,0.7023089814957836
B_ABS_MAX,2.5,1500,4,400,keyed backwards,0,0.0000000000000000008673617379884035,0.009512294334296508
B_ABS_MAX,2.5,1500,5,400,good,0.8255,0.8082465225788182,0.8415054796410861
B_ABS_MAX,2.5,1500,5,400,flat,0.01875,0.011395141407343122,0.030704526940620064
B_ABS_MAX,2.5,1500,5,400,too hard,0,0.0000000000000000008673617379884035,0.009512294334296508
B_ABS_MAX,2.5,1500,5,400,guessable,0.7075,0.6611144240081159,0.7499379738431511
B_ABS_MAX,2.5,1500,5,400,keyed backwards,0,0.0000000000000000008673617379884035,0.009512294334296508
B_ABS_MAX,2.75,300,2,400,good,0.3265,0.30571291199978895,0.3479920742995282
B_ABS_MAX,2.75,300,2,400,flat,0.02625,0.017232227735299626,0.03979575746957842
B_ABS_MAX,2.75,300,2,400,too hard,0.0025,0.0004414477868016362,0.01402328507582339
B_ABS_MAX,2.75,300,2,400,guessable,0.2375,0.19841751180740802,0.2815764427180976
B_ABS_MAX,2.75,300,2,400,keyed backwards,0,0.0000000000000000008673617379884035,0.009512294334296508
B_ABS_MAX,2.75,300,5,400,good,0.81,0.7922188962409942,0.826592534444629
B_ABS_MAX,2.75,300,5,400,flat,0.1075,0.08788102147694288,0.13087039634451283
B_ABS_MAX,2.75,300,5,400,too hard,0.02,0.010168386791664645,0.03896341576926
B_ABS_MAX,2.75,300,5,400,guessable,0.8875,0.8527764306768796,0.9148515412140404
B_ABS_MAX,2.75,300,5,400,keyed backwards,0,0.0000000000000000008673617379884035,0.009512294334296508
B_ABS_MAX,2.75,300,4,400,good,0.771,0.7520755392260747,0.7888854211474863
B_ABS_MAX,2.75,300,4,400,flat,0.105,0.08561189202600936,0.12816342017647472
B_ABS_MAX,2.75,300,4,400,too hard,0,0.0000000000000000008673617379884035,0.009512294334296508
B_ABS_MAX,2.75,300,4,400,guessable,0.835,0.7954717951637494,0.8681549676322718
B_ABS_MAX,2.75,300,4,400,keyed backwards,0,0.0000000000000000008673617379884035,0.009512294334296508
B_ABS_MAX,2.75,600,2,400,good,0.361,0.3402356931759409,0.3822972459682474
B_ABS_MAX,2.75,600,2,400,flat,0,0.0000000000000000008673617379884035,0.009512294334296508
B_ABS_MAX,2.75,600,2,400,too hard,0,0.0000000000000000008673617379884035,0.009512294334296508
B_ABS_MAX,2.75,600,2,400,guessable,0.1725,0.13863520728428091,0.2125953455046833
B_ABS_MAX,2.75,600,2,400,keyed backwards,0,0.0000000000000000008673617379884035,0.009512294334296508
B_ABS_MAX,2.75,600,4,400,good,0.7875,0.769029316309502,0.8048683815037775
B_ABS_MAX,2.75,600,4,400,flat,0.045,0.032679556110122895,0.0616692212370423
B_ABS_MAX,2.75,600,4,400,too hard,0.0025,0.0004414477868016362,0.01402328507582339
B_ABS_MAX,2.75,600,4,400,guessable,0.885,0.850008455984224,0.9126670773783676
B_ABS_MAX,2.75,600,4,400,keyed backwards,0,0.0000000000000000008673617379884035,0.009512294334296508
B_ABS_MAX,2.75,600,5,400,good,0.8345,0.8175745797509876,0.8501429156178543
B_ABS_MAX,2.75,600,5,400,flat,0.0575,0.04338329484491769,0.0758460105971056
B_ABS_MAX,2.75,600,5,400,too hard,0,0.0000000000000000008673617379884035,0.009512294334296508
B_ABS_MAX,2.75,600,5,400,guessable,0.92,0.8892454231693245,0.9427642495898665
B_ABS_MAX,2.75,600,5,400,keyed backwards,0,0.0000000000000000008673617379884035,0.009512294334296508
B_ABS_MAX,2.75,1500,2,400,good,0.327,0.306789095701304,0.34787420265800945
B_ABS_MAX,2.75,1500,2,400,flat,0,0.0000000000000000008673617379884035,0.009512294334296508
B_ABS_MAX,2.75,1500,2,400,too hard,0,0.0000000000000000008673617379884035,0.009512294334296508
B_ABS_MAX,2.75,1500,2,400,guessable,0.0825,0.05934587622971528,0.1135968895394223
B_ABS_MAX,2.75,1500,2,400,keyed backwards,0,0.0000000000000000008673617379884035,0.009512294334296508
B_ABS_MAX,2.75,1500,4,400,good,0.7805,0.7618317079481217,0.7980928285270953
B_ABS_MAX,2.75,1500,4,400,flat,0.01375,0.007694841042769546,0.024452616067250396
B_ABS_MAX,2.75,1500,4,400,too hard,0,0.0000000000000000008673617379884035,0.009512294334296508
B_ABS_MAX,2.75,1500,4,400,guessable,0.6575,0.6096946457889129,0.7023089814957836
B_ABS_MAX,2.75,1500,4,400,keyed backwards,0,0.0000000000000000008673617379884035,0.009512294334296508
B_ABS_MAX,2.75,1500,5,400,good,0.8255,0.8082465225788182,0.8415054796410861
B_ABS_MAX,2.75,1500,5,400,flat,0.01875,0.011395141407343122,0.030704526940620064
B_ABS_MAX,2.75,1500,5,400,too hard,0,0.0000000000000000008673617379884035,0.009512294334296508
B_ABS_MAX,2.75,1500,5,400,guessable,0.7075,0.6611144240081159,0.7499379738431511
B_ABS_MAX,2.75,1500,5,400,keyed backwards,0,0.0000000000000000008673617379884035,0.009512294334296508
B_ABS_MAX,3,300,2,400,good,0.3265,0.30571291199978895,0.3479920742995282
B_ABS_MAX,3,300,2,400,flat,0.02625,0.017232227735299626,0.03979575746957842
B_ABS_MAX,3,300,2,400,too hard,0.0025,0.0004414477868016362,0.01402328507582339
B_ABS_MAX,3,300,2,400,guessable,0.2375,0.19841751180740802,0.2815764427180976
B_ABS_MAX,3,300,2,400,keyed backwards,0,0.0000000000000000008673617379884035,0.009512294334296508
B_ABS_MAX,3,300,5,400,good,0.81,0.7922188962409942,0.826592534444629
B_ABS_MAX,3,300,5,400,flat,0.1075,0.08788102147694288,0.13087039634451283
B_ABS_MAX,3,300,5,400,too hard,0.02,0.010168386791664645,0.03896341576926
B_ABS_MAX,3,300,5,400,guessable,0.8875,0.8527764306768796,0.9148515412140404
B_ABS_MAX,3,300,5,400,keyed backwards,0,0.0000000000000000008673617379884035,0.009512294334296508
B_ABS_MAX,3,300,4,400,good,0.771,0.7520755392260747,0.7888854211474863
B_ABS_MAX,3,300,4,400,flat,0.105,0.08561189202600936,0.12816342017647472
B_ABS_MAX,3,300,4,400,too hard,0,0.0000000000000000008673617379884035,0.009512294334296508
B_ABS_MAX,3,300,4,400,guessable,0.835,0.7954717951637494,0.8681549676322718
B_ABS_MAX,3,300,4,400,keyed backwards,0,0.0000000000000000008673617379884035,0.009512294334296508
B_ABS_MAX,3,600,2,400,good,0.361,0.3402356931759409,0.3822972459682474
B_ABS_MAX,3,600,2,400,flat,0,0.0000000000000000008673617379884035,0.009512294334296508
B_ABS_MAX,3,600,2,400,too hard,0,0.0000000000000000008673617379884035,0.009512294334296508
B_ABS_MAX,3,600,2,400,guessable,0.1725,0.13863520728428091,0.2125953455046833
B_ABS_MAX,3,600,2,400,keyed backwards,0,0.0000000000000000008673617379884035,0.009512294334296508
B_ABS_MAX,3,600,4,400,good,0.7875,0.769029316309502,0.8048683815037775
B_ABS_MAX,3,600,4,400,flat,0.045,0.032679556110122895,0.0616692212370423
B_ABS_MAX,3,600,4,400,too hard,0.0025,0.0004414477868016362,0.01402328507582339
B_ABS_MAX,3,600,4,400,guessable,0.885,0.850008455984224,0.9126670773783676
B_ABS_MAX,3,600,4,400,keyed backwards,0,0.0000000000000000008673617379884035,0.009512294334296508
B_ABS_MAX,3,600,5,400,good,0.8345,0.8175745797509876,0.8501429156178543
B_ABS_MAX,3,600,5,400,flat,0.0575,0.04338329484491769,0.0758460105971056
B_ABS_MAX,3,600,5,400,too hard,0,0.0000000000000000008673617379884035,0.009512294334296508
B_ABS_MAX,3,600,5,400,guessable,0.92,0.8892454231693245,0.9427642495898665
B_ABS_MAX,3,600,5,400,keyed backwards,0,0.0000000000000000008673617379884035,0.009512294334296508
B_ABS_MAX,3,1500,2,400,good,0.327,0.306789095701304,0.34787420265800945
B_ABS_MAX,3,1500,2,400,flat,0,0.0000000000000000008673617379884035,0.009512294334296508
B_ABS_MAX,3,1500,2,400,too hard,0,0.0000000000000000008673617379884035,0.009512294334296508
B_ABS_MAX,3,1500,2,400,guessable,0.0825,0.05934587622971528,0.1135968895394223
B_ABS_MAX,3,1500,2,400,keyed backwards,0,0.0000000000000000008673617379884035,0.009512294334296508
B_ABS_MAX,3,1500,4,400,good,0.7805,0.7618317079481217,0.7980928285270953
B_ABS_MAX,3,1500,4,400,flat,0.01375,0.007694841042769546,0.024452616067250396
B_ABS_MAX,3,1500,4,400,too hard,0,0.0000000000000000008673617379884035,0.009512294334296508
B_ABS_MAX,3,1500,4,400,guessable,0.6575,0.6096946457889129,0.7023089814957836
B_ABS_MAX,3,1500,4,400,keyed backwards,0,0.0000000000000000008673617379884035,0.009512294334296508
B_ABS_MAX,3,1500,5,400,good,0.8255,0.8082465225788182,0.8415054796410861
B_ABS_MAX,3,1500,5,400,flat,0.01875,0.011395141407343122,0.030704526940620064
B_ABS_MAX,3,1500,5,400,too hard,0,0.0000000000000000008673617379884035,0.009512294334296508
B_ABS_MAX,3,1500,5,400,guessable,0.7075,0.6611144240081159,0.7499379738431511
B_ABS_MAX,3,1500,5,400,keyed backwards,0,0.0000000000000000008673617379884035,0.009512294334296508
C_EXCESS_MAX,0.05,300,2,400,good,0.3055,0.2850615755352632,0.32673412170772637
C_EXCESS_MAX,0.05,300,2,400,flat,0.0225,0.014278935845633124,0.03528489093078749
C_EXCESS_MAX,0.05,300,2,400,too hard,0.0025,0.0004414477868016362,0.01402328507582339
C_EXCESS_MAX,0.05,300,2,400,guessable,0.2275,0.18912326740735153,0.2710609330048401
C_EXCESS_MAX,0.05,300,2,400,keyed backwards,0,0.0000000000000000008673617379884035,0.009512294334296508
C_EXCESS_MAX,0.05,300,5,400,good,0.753,0.7336261337518181,0.771403840323868
C_EXCESS_MAX,0.05,300,5,400,flat,0.10125,0.0822151496947432,0.12409600407928348
C_EXCESS_MAX,0.05,300,5,400,too hard,0.02,0.010168386791664645,0.03896341576926
C_EXCESS_MAX,0.05,300,5,400,guessable,0.8025,0.7606877261203903,0.8385573358073602
C_EXCESS_MAX,0.05,300,5,400,keyed backwards,0,0.0000000000000000008673617379884035,0.009512294334296508
C_EXCESS_MAX,0.05,300,4,400,good,0.702,0.6815830639748468,0.7216424489235269
C_EXCESS_MAX,0.05,300,4,400,flat,0.1,0.08106340701710403,0.12276922975011322
C_EXCESS_MAX,0.05,300,4,400,too hard,0,0.0000000000000000008673617379884035,0.009512294334296508
C_EXCESS_MAX,0.05,300,4,400,guessable,0.76,0.715799603858965,0.7992540030872007
C_EXCESS_MAX,0.05,300,4,400,keyed backwards,0,0.0000000000000000008673617379884035,0.009512294334296508
C_EXCESS_MAX,0.05,600,2,400,good,0.3385,0.3180886772887613,0.3595305289830834
C_EXCESS_MAX,0.05,600,2,400,flat,0,0.0000000000000000008673617379884035,0.009512294334296508
C_EXCESS_MAX,0.05,600,2,400,too hard,0,0.0000000000000000008673617379884035,0.009512294334296508
C_EXCESS_MAX,0.05,600,2,400,guessable,0.14,0.10940962137459034,0.1774392305461032
C_EXCESS_MAX,0.05,600,2,400,keyed backwards,0,0.0000000000000000008673617379884035,0.009512294334296508
C_EXCESS_MAX,0.05,600,4,400,good,0.715,0.6948187632867582,0.734356906382303
C_EXCESS_MAX,0.05,600,4,400,flat,0.0425,0.03057072542368845,0.05880194630450512
C_EXCESS_MAX,0.05,600,4,400,too hard,0.0025,0.0004414477868016362,0.01402328507582339
C_EXCESS_MAX,0.05,600,4,400,guessable,0.7225,0.6766612653345575,0.7641057636866807
C_EXCESS_MAX,0.05,600,4,400,keyed backwards,0,0.0000000000000000008673617379884035,0.009512294334296508
C_EXCESS_MAX,0.05,600,5,400,good,0.771,0.7520755392260747,0.7888854211474863
C_EXCESS_MAX,0.05,600,5,400,flat,0.05625,0.042302391206338136,0.07443886142619935
C_EXCESS_MAX,0.05,600,5,400,too hard,0,0.0000000000000000008673617379884035,0.009512294334296508
C_EXCESS_MAX,0.05,600,5,400,guessable,0.7375,0.6922684601360929,0.7782132000551163
C_EXCESS_MAX,0.05,600,5,400,keyed backwards,0,0.0000000000000000008673617379884035,0.009512294334296508
C_EXCESS_MAX,0.05,1500,2,400,good,0.303,0.2832529034543463,0.32350241317446726
C_EXCESS_MAX,0.05,1500,2,400,flat,0,0.0000000000000000008673617379884035,0.009512294334296508
C_EXCESS_MAX,0.05,1500,2,400,too hard,0,0.0000000000000000008673617379884035,0.009512294334296508
C_EXCESS_MAX,0.05,1500,2,400,guessable,0.07,0.04887162669974449,0.09930894642775051
C_EXCESS_MAX,0.05,1500,2,400,keyed backwards,0,0.0000000000000000008673617379884035,0.009512294334296508
C_EXCESS_MAX,0.05,1500,4,400,good,0.7195,0.6994049846594416,0.7387534315840883
C_EXCESS_MAX,0.05,1500,4,400,flat,0.01375,0.007694841042769546,0.024452616067250396
C_EXCESS_MAX,0.05,1500,4,400,too hard,0,0.0000000000000000008673617379884035,0.009512294334296508
C_EXCESS_MAX,0.05,1500,4,400,guessable,0.4,0.3531615288938136,0.4487409299730458
C_EXCESS_MAX,0.05,1500,4,400,keyed backwards,0,0.0000000000000000008673617379884035,0.009512294334296508
C_EXCESS_MAX,0.05,1500,5,400,good,0.755,0.735673828496995,0.773348477389566
C_EXCESS_MAX,0.05,1500,5,400,flat,0.015,0.008601110881191311,0.02603439903831445
C_EXCESS_MAX,0.05,1500,5,400,too hard,0,0.0000000000000000008673617379884035,0.009512294334296508
C_EXCESS_MAX,0.05,1500,5,400,guessable,0.4125,0.36531214409863494,0.46135250740986694
C_EXCESS_MAX,0.05,1500,5,400,keyed backwards,0,0.0000000000000000008673617379884035,0.009512294334296508
C_EXCESS_MAX,0.1,300,2,400,good,0.3265,0.30571291199978895,0.3479920742995282
C_EXCESS_MAX,0.1,300,2,400,flat,0.02625,0.017232227735299626,0.03979575746957842
C_EXCESS_MAX,0.1,300,2,400,too hard,0.0025,0.0004414477868016362,0.01402328507582339
C_EXCESS_MAX,0.1,300,2,400,guessable,0.2375,0.19841751180740802,0.2815764427180976
C_EXCESS_MAX,0.1,300,2,400,keyed backwards,0,0.0000000000000000008673617379884035,0.009512294334296508
C_EXCESS_MAX,0.1,300,5,400,good,0.81,0.7922188962409942,0.826592534444629
C_EXCESS_MAX,0.1,300,5,400,flat,0.1075,0.08788102147694288,0.13087039634451283
C_EXCESS_MAX,0.1,300,5,400,too hard,0.02,0.010168386791664645,0.03896341576926
C_EXCESS_MAX,0.1,300,5,400,guessable,0.8875,0.8527764306768796,0.9148515412140404
C_EXCESS_MAX,0.1,300,5,400,keyed backwards,0,0.0000000000000000008673617379884035,0.009512294334296508
C_EXCESS_MAX,0.1,300,4,400,good,0.7705,0.7515624295814481,0.7884004478393939
C_EXCESS_MAX,0.1,300,4,400,flat,0.105,0.08561189202600936,0.12816342017647472
C_EXCESS_MAX,0.1,300,4,400,too hard,0,0.0000000000000000008673617379884035,0.009512294334296508
C_EXCESS_MAX,0.1,300,4,400,guessable,0.835,0.7954717951637494,0.8681549676322718
C_EXCESS_MAX,0.1,300,4,400,keyed backwards,0,0.0000000000000000008673617379884035,0.009512294334296508
C_EXCESS_MAX,0.1,600,2,400,good,0.361,0.3402356931759409,0.3822972459682474
C_EXCESS_MAX,0.1,600,2,400,flat,0,0.0000000000000000008673617379884035,0.009512294334296508
C_EXCESS_MAX,0.1,600,2,400,too hard,0,0.0000000000000000008673617379884035,0.009512294334296508
C_EXCESS_MAX,0.1,600,2,400,guessable,0.1725,0.13863520728428091,0.2125953455046833
C_EXCESS_MAX,0.1,600,2,400,keyed backwards,0,0.0000000000000000008673617379884035,0.009512294334296508
C_EXCESS_MAX,0.1,600,4,400,good,0.7875,0.769029316309502,0.8048683815037775
C_EXCESS_MAX,0.1,600,4,400,flat,0.045,0.032679556110122895,0.0616692212370423
C_EXCESS_MAX,0.1,600,4,400,too hard,0.0025,0.0004414477868016362,0.01402328507582339
C_EXCESS_MAX,0.1,600,4,400,guessable,0.885,0.850008455984224,0.9126670773783676
C_EXCESS_MAX,0.1,600,4,400,keyed backwards,0,0.0000000000000000008673617379884035,0.009512294334296508
C_EXCESS_MAX,0.1,600,5,400,good,0.8345,0.8175745797509876,0.8501429156178543
C_EXCESS_MAX,0.1,600,5,400,flat,0.0575,0.04338329484491769,0.0758460105971056
C_EXCESS_MAX,0.1,600,5,400,too hard,0,0.0000000000000000008673617379884035,0.009512294334296508
C_EXCESS_MAX,0.1,600,5,400,guessable,0.92,0.8892454231693245,0.9427642495898665
C_EXCESS_MAX,0.1,600,5,400,keyed backwards,0,0.0000000000000000008673617379884035,0.009512294334296508
C_EXCESS_MAX,0.1,1500,2,400,good,0.327,0.306789095701304,0.34787420265800945
C_EXCESS_MAX,0.1,1500,2,400,flat,0,0.0000000000000000008673617379884035,0.009512294334296508
C_EXCESS_MAX,0.1,1500,2,400,too hard,0,0.0000000000000000008673617379884035,0.009512294334296508
C_EXCESS_MAX,0.1,1500,2,400,guessable,0.0825,0.05934587622971528,0.1135968895394223
C_EXCESS_MAX,0.1,1500,2,400,keyed backwards,0,0.0000000000000000008673617379884035,0.009512294334296508
C_EXCESS_MAX,0.1,1500,4,400,good,0.7805,0.7618317079481217,0.7980928285270953
C_EXCESS_MAX,0.1,1500,4,400,flat,0.01375,0.007694841042769546,0.024452616067250396
C_EXCESS_MAX,0.1,1500,4,400,too hard,0,0.0000000000000000008673617379884035,0.009512294334296508
C_EXCESS_MAX,0.1,1500,4,400,guessable,0.6575,0.6096946457889129,0.7023089814957836
C_EXCESS_MAX,0.1,1500,4,400,keyed backwards,0,0.0000000000000000008673617379884035,0.009512294334296508
C_EXCESS_MAX,0.1,1500,5,400,good,0.8255,0.8082465225788182,0.8415054796410861
C_EXCESS_MAX,0.1,1500,5,400,flat,0.01875,0.011395141407343122,0.030704526940620064
C_EXCESS_MAX,0.1,1500,5,400,too hard,0,0.0000000000000000008673617379884035,0.009512294334296508
C_EXCESS_MAX,0.1,1500,5,400,guessable,0.7075,0.6611144240081159,0.7499379738431511
C_EXCESS_MAX,0.1,1500,5,400,keyed backwards,0,0.0000000000000000008673617379884035,0.009512294334296508
C_EXCESS_MAX,0.15,300,2,400,good,0.333,0.3119316091994027,0.3547577109407373
C_EXCESS_MAX,0.15,300,2,400,flat,0.0275,0.018229631419910963,0.041286406594452894
C_EXCESS_MAX,0.15,300,2,400,too hard,0.0025,0.0004414477868016362,0.01402328507582339
C_EXCESS_MAX,0.15,300,2,400,guessable,0.2425,0.2030764095091307,0.286822422073032
C_EXCESS_MAX,0.15,300,2,400,keyed backwards,0,0.0000000000000000008673617379884035,0.009512294334296508
C_EXCESS_MAX,0.15,300,5,400,good,0.827,0.8098000496879411,0.8429462013901193
C_EXCESS_MAX,0.15,300,5,400,flat,0.11,0.09015372744374563,0.13357379599668173
C_EXCESS_MAX,0.15,300,5,400,too hard,0.02,0.010168386791664645,0.03896341576926
C_EXCESS_MAX,0.15,300,5,400,guessable,0.9025,0.8694877208462789,0.9278548822146123
C_EXCESS_MAX,0.15,300,5,400,keyed backwards,0,0.0000000000000000008673617379884035,0.009512294334296508
C_EXCESS_MAX,0.15,300,4,400,good,0.7795,0.7608040997991641,0.7971242707706154
C_EXCESS_MAX,0.15,300,4,400,flat,0.10625,0.08674600286420671,0.12951736214776322
C_EXCESS_MAX,0.15,300,4,400,too hard,0,0.0000000000000000008673617379884035,0.009512294334296508
C_EXCESS_MAX,0.15,300,4,400,guessable,0.86,0.8225607694538968,0.8905903786254097
C_EXCESS_MAX,0.15,300,4,400,keyed backwards,0,0.0000000000000000008673617379884035,0.009512294334296508
C_EXCESS_MAX,0.15,600,2,400,good,0.3665,0.34565708171038617,0.3878547699137082
C_EXCESS_MAX,0.15,600,2,400,flat,0,0.0000000000000000008673617379884035,0.009512294334296508
C_EXCESS_MAX,0.15,600,2,400,too hard,0,0.0000000000000000008673617379884035,0.009512294334296508
C_EXCESS_MAX,0.15,600,2,400,guessable,0.18,0.14545031532583302,0.22063755304811672
C_EXCESS_MAX,0.15,600,2,400,keyed backwards,0,0.0000000000000000008673617379884035,0.009512294334296508
C_EXCESS_MAX,0.15,600,4,400,good,0.8005,0.78241724767193,0.817430606912037
C_EXCESS_MAX,0.15,600,4,400,flat,0.04625,0.033738403716588684,0.06309842644006232
C_EXCESS_MAX,0.15,600,4,400,too hard,0.0025,0.0004414477868016362,0.01402328507582339
C_EXCESS_MAX,0.15,600,4,400,guessable,0.93,0.9006910535722495,0.9511283733002555
C_EXCESS_MAX,0.15,600,4,400,keyed backwards,0,0.0000000000000000008673617379884035,0.009512294334296508
C_EXCESS_MAX,0.15,600,5,400,good,0.841,0.8243221492638255,0.8563704244903598
C_EXCESS_MAX,0.15,600,5,400,flat,0.0575,0.04338329484491769,0.0758460105971056
C_EXCESS_MAX,0.15,600,5,400,too hard,0,0.0000000000000000008673617379884035,0.009512294334296508
C_EXCESS_MAX,0.15,600,5,400,guessable,0.94,0.9122771510995438,0.9593520298862752
C_EXCESS_MAX,0.15,600,5,400,keyed backwards,0,0.0000000000000000008673617379884035,0.009512294334296508
C_EXCESS_MAX,0.15,1500,2,400,good,0.333,0.31268280736972776,0.3539574864222107
C_EXCESS_MAX,0.15,1500,2,400,flat,0,0.0000000000000000008673617379884035,0.009512294334296508
C_EXCESS_MAX,0.15,1500,2,400,too hard,0,0.0000000000000000008673617379884035,0.009512294334296508
C_EXCESS_MAX,0.15,1500,2,400,guessable,0.1,0.07429925914003437,0.13331057632740284
C_EXCESS_MAX,0.15,1500,2,400,keyed backwards,0,0.0000000000000000008673617379884035,0.009512294334296508
C_EXCESS_MAX,0.15,1500,4,400,good,0.799,0.7808710507776225,0.8159825549481882
C_EXCESS_MAX,0.15,1500,4,400,flat,0.01375,0.007694841042769546,0.024452616067250396
C_EXCESS_MAX,0.15,1500,4,400,too hard,0,0.0000000000000000008673617379884035,0.009512294334296508
C_EXCESS_MAX,0.15,1500,4,400,guessable,0.815,0.7740142283989209,0.8499930261704722
C_EXCESS_MAX,0.15,1500,4,400,keyed backwards,0,0.0000000000000000008673617379884035,0.009512294334296508
C_EXCESS_MAX,0.15,1500,5,400,good,0.839,0.8222449922091818,0.8544552497341286
C_EXCESS_MAX,0.15,1500,5,400,flat,0.01875,0.011395141407343122,0.030704526940620064
C_EXCESS_MAX,0.15,1500,5,400,too hard,0,0.0000000000000000008673617379884035,0.009512294334296508
C_EXCESS_MAX,0.15,1500,5,400,guessable,0.8575,0.8198370240936099,0.8883616854573682
C_EXCESS_MAX,0.15,1500,5,400,keyed backwards,0,0.0000000000000000008673617379884035,0.009512294334296508
C_EXCESS_MAX,0.2,300,2,400,good,0.3335,0.31239420277791224,0.35529493421789543
C_EXCESS_MAX,0.2,300,2,400,flat,0.0275,0.018229631419910963,0.041286406594452894
C_EXCESS_MAX,0.2,300,2,400,too hard,0.0025,0.0004414477868016362,0.01402328507582339
C_EXCESS_MAX,0.2,300,2,400,guessable,0.2475,0.20774293744415318,0.29206077119466656
C_EXCESS_MAX,0.2,300,2,400,keyed backwards,0,0.0000000000000000008673617379884035,0.009512294334296508
C_EXCESS_MAX,0.2,300,5,400,good,0.829,0.8118721250567162,0.8448664578322191
C_EXCESS_MAX,0.2,300,5,400,flat,0.11,0.09015372744374563,0.13357379599668173
C_EXCESS_MAX,0.2,300,5,400,too hard,0.02,0.010168386791664645,0.03896341576926
C_EXCESS_MAX,0.2,300,5,400,guessable,0.91,0.8779172124152713,0.9342827062306055
C_EXCESS_MAX,0.2,300,5,400,keyed backwards,0,0.0000000000000000008673617379884035,0.009512294334296508
C_EXCESS_MAX,0.2,300,4,400,good,0.781,0.7623455696749166,0.7985770497530191
C_EXCESS_MAX,0.2,300,4,400,flat,0.10625,0.08674600286420671,0.12951736214776322
C_EXCESS_MAX,0.2,300,4,400,too hard,0,0.0000000000000000008673617379884035,0.009512294334296508
C_EXCESS_MAX,0.2,300,4,400,guessable,0.8625,0.8252880733424808,0.8928155132651543
C_EXCESS_MAX,0.2,300,4,400,keyed backwards,0,0.0000000000000000008673617379884035,0.009512294334296508
C_EXCESS_MAX,0.2,600,2,400,good,0.367,0.34615008208916165,0.3883598524876515
C_EXCESS_MAX,0.2,600,2,400,flat,0,0.0000000000000000008673617379884035,0.009512294334296508
C_EXCESS_MAX,0.2,600,2,400,too hard,0,0.0000000000000000008673617379884035,0.009512294334296508
C_EXCESS_MAX,0.2,600,2,400,guessable,0.1825,0.14772734739355886,0.22331295950871943
C_EXCESS_MAX,0.2,600,2,400,keyed backwards,0,0.0000000000000000008673617379884035,0.009512294334296508
C_EXCESS_MAX,0.2,600,4,400,good,0.8025,0.7844794422797299,0.8193607441151121
C_EXCESS_MAX,0.2,600,4,400,flat,0.04625,0.033738403716588684,0.06309842644006232
C_EXCESS_MAX,0.2,600,4,400,too hard,0.0025,0.0004414477868016362,0.01402328507582339
C_EXCESS_MAX,0.2,600,4,400,guessable,0.9425,0.9151991622718807,0.9613824572422669
C_EXCESS_MAX,0.2,600,4,400,keyed backwards,0,0.0000000000000000008673617379884035,0.009512294334296508
C_EXCESS_MAX,0.2,600,5,400,good,0.8435,0.8269198508747131,0.8587631376430662
C_EXCESS_MAX,0.2,600,5,400,flat,0.0575,0.04338329484491769,0.0758460105971056
C_EXCESS_MAX,0.2,600,5,400,too hard,0,0.0000000000000000008673617379884035,0.009512294334296508
C_EXCESS_MAX,0.2,600,5,400,guessable,0.955,0.9299952708096761,0.971348541346114
C_EXCESS_MAX,0.2,600,5,400,keyed backwards,0,0.0000000000000000008673617379884035,0.009512294334296508
C_EXCESS_MAX,0.2,1500,2,400,good,0.3345,0.31415682415874446,0.35547771849135024
C_EXCESS_MAX,0.2,1500,2,400,flat,0,0.0000000000000000008673617379884035,0.009512294334296508
C_EXCESS_MAX,0.2,1500,2,400,too hard,0,0.0000000000000000008673617379884035,0.009512294334296508
C_EXCESS_MAX,0.2,1500,2,400,guessable,0.1075,0.08079372047159449,0.14167343058082826
C_EXCESS_MAX,0.2,1500,2,400,keyed backwards,0,0.0000000000000000008673617379884035,0.009512294334296508
C_EXCESS_MAX,0.2,1500,4,400,good,0.804,0.7860265415595997,0.8208078936933985
C_EXCESS_MAX,0.2,1500,4,400,flat,0.01375,0.007694841042769546,0.024452616067250396
C_EXCESS_MAX,0.2,1500,4,400,too hard,0,0.0000000000000000008673617379884035,0.009512294334296508
C_EXCESS_MAX,0.2,1500,4,400,guessable,0.905,0.8722916530824945,0.9300033885067254
C_EXCESS_MAX,0.2,1500,4,400,keyed backwards,0,0.0000000000000000008673617379884035,0.009512294334296508
C_EXCESS_MAX,0.2,1500,5,400,good,0.84,0.823283460144139,0.8554129477046089
C_EXCESS_MAX,0.2,1500,5,400,flat,0.01875,0.011395141407343122,0.030704526940620064
C_EXCESS_MAX,0.2,1500,5,400,too hard,0,0.0000000000000000008673617379884035,0.009512294334296508
C_EXCESS_MAX,0.2,1500,5,400,guessable,0.925,0.8949522937386957,0.9469622560771523
C_EXCESS_MAX,0.2,1500,5,400,keyed backwards,0,0.0000000000000000008673617379884035,0.009512294334296508
C_EXCESS_MAX,0.25,300,2,400,good,0.335,0.31395600470156526,0.35672110268627555
C_EXCESS_MAX,0.25,300,2,400,flat,0.0275,0.018229631419910963,0.041286406594452894
C_EXCESS_MAX,0.25,300,2,400,too hard,0.0025,0.0004414477868016362,0.01402328507582339
C_EXCESS_MAX,0.25,300,2,400,guessable,0.2475,0.20774293744415318,0.29206077119466656
C_EXCESS_MAX,0.25,300,2,400,keyed backwards,0,0.0000000000000000008673617379884035,0.009512294334296508
C_EXCESS_MAX,0.25,300,5,400,good,0.8295,0.8123902711105082,0.8453463947311461
C_EXCESS_MAX,0.25,300,5,400,flat,0.11125,0.09129138845499783,0.13492418779491533
C_EXCESS_MAX,0.25,300,5,400,too hard,0.02,0.010168386791664645,0.03896341576926
C_EXCESS_MAX,0.25,300,5,400,guessable,0.92,0.8892454231693245,0.9427642495898665
C_EXCESS_MAX,0.25,300,5,400,keyed backwards,0,0.0000000000000000008673617379884035,0.009512294334296508
C_EXCESS_MAX,0.25,300,4,400,good,0.7815,0.7628594699623829,0.7990612324182716
C_EXCESS_MAX,0.25,300,4,400,flat,0.10625,0.08674600286420671,0.12951736214776322
C_EXCESS_MAX,0.25,300,4,400,too hard,0,0.0000000000000000008673617379884035,0.009512294334296508
C_EXCESS_MAX,0.25,300,4,400,guessable,0.8675,0.8307536803033191,0.897254783360973
C_EXCESS_MAX,0.25,300,4,400,keyed backwards,0,0.0000000000000000008673617379884035,0.009512294334296508
C_EXCESS_MAX,0.25,600,2,400,good,0.368,0.3471361559877268,0.38936994449452383
C_EXCESS_MAX,0.25,600,2,400,flat,0,0.0000000000000000008673617379884035,0.009512294334296508
C_EXCESS_MAX,0.25,600,2,400,too hard,0,0.0000000000000000008673617379884035,0.009512294334296508
C_EXCESS_MAX,0.25,600,2,400,guessable,0.185,0.15000697382952777,0.22598577160107902
C_EXCESS_MAX,0.25,600,2,400,keyed backwards,0,0.0000000000000000008673617379884035,0.009512294334296508
C_EXCESS_MAX,0.25,600,4,400,good,0.803,0.7849950986603911,0.8198431706871696
C_EXCESS_MAX,0.25,600,4,400,flat,0.04625,0.033738403716588684,0.06309842644006232
C_EXCESS_MAX,0.25,600,4,400,too hard,0.0025,0.0004414477868016362,0.01402328507582339
C_EXCESS_MAX,0.25,600,4,400,guessable,0.9575,0.9329979456752499,0.9732983050088689
C_EXCESS_MAX,0.25,600,4,400,keyed backwards,0,0.0000000000000000008673617379884035,0.009512294334296508
C_EXCESS_MAX,0.25,600,5,400,good,0.8435,0.8269198508747131,0.8587631376430662
C_EXCESS_MAX,0.25,600,5,400,flat,0.0575,0.04338329484491769,0.0758460105971056
C_EXCESS_MAX,0.25,600,5,400,too hard,0,0.0000000000000000008673617379884035,0.009512294334296508
C_EXCESS_MAX,0.25,600,5,400,guessable,0.9725,0.9514345181143852,0.9845763637397046
C_EXCESS_MAX,0.25,600,5,400,keyed backwards,0,0.0000000000000000008673617379884035,0.009512294334296508
C_EXCESS_MAX,0.25,1500,2,400,good,0.335,0.3146482151175497,0.35598441048526375
C_EXCESS_MAX,0.25,1500,2,400,flat,0,0.0000000000000000008673617379884035,0.009512294334296508
C_EXCESS_MAX,0.25,1500,2,400,too hard,0,0.0000000000000000008673617379884035,0.009512294334296508
C_EXCESS_MAX,0.25,1500,2,400,guessable,0.1075,0.08079372047159449,0.14167343058082826
C_EXCESS_MAX,0.25,1500,2,400,keyed backwards,0,0.0000000000000000008673617379884035,0.009512294334296508
C_EXCESS_MAX,0.25,1500,4,400,good,0.8045,0.786542328328027,0.82129018987769
C_EXCESS_MAX,0.25,1500,4,400,flat,0.01375,0.007694841042769546,0.024452616067250396
C_EXCESS_MAX,0.25,1500,4,400,too hard,0,0.0000000000000000008673617379884035,0.009512294334296508
C_EXCESS_MAX,0.25,1500,4,400,guessable,0.97,0.9483014642909042,0.9827569790348569
C_EXCESS_MAX,0.25,1500,4,400,keyed backwards,0,0.0000000000000000008673617379884035,0.009512294334296508
C_EXCESS_MAX,0.25,1500,5,400,good,0.841,0.8243221492638255,0.8563704244903598
C_EXCESS_MAX,0.25,1500,5,400,flat,0.01875,0.011395141407343122,0.030704526940620064
C_EXCESS_MAX,0.25,1500,5,400,too hard,0,0.0000000000000000008673617379884035,0.009512294334296508
C_EXCESS_MAX,0.25,1500,5,400,guessable,0.985,0.9676653664151732,0.9931077080805591
C_EXCESS_MAX,0.25,1500,5,400,keyed backwards,0,0.0000000000000000008673617379884035,0.009512294334296508
