cell,opposing,runs,robust_mean,robust_sd,full_mean,plain_mean,robust_pass
item=7 own=0 step=5,0,200,0.5222180921121149,0.0018270178531531226,0.52702804394428,0.5927101680201086,0
item=7 own=0 step=5,5,200,0.5368467044809316,0.00411712701712702,0.5497938823838717,0.6150643349758831,0
item=7 own=0 step=5,10,200,0.5537226267215231,0.006563498746632954,0.573400407972143,0.6369886963834076,0
item=7 own=0 step=5,15,200,0.5725747633812938,0.007807866331321975,0.5988345803726106,0.6588096457074927,0
item=7 own=0 step=5,20,200,0.5938674586614965,0.009960922694563073,0.6255277208909862,0.6807119823020499,0
item=7 own=0 step=5,25,200,0.6194852404379926,0.012121100963032044,0.65370742785057,0.7025873443921147,0
item=7 own=0 step=5,30,200,0.6487827199864634,0.01252973656632424,0.6805301132714096,0.7243026742501403,0
item=7 own=0 step=5,35,200,0.6800572983248536,0.011733714680161511,0.7093804717883576,0.7458200108664202,0
item=7 own=0 step=5,40,200,0.7100705599941535,0.01097921217449785,0.736614159293926,0.7671077351639449,0
item=7 own=0 step=5,45,200,0.7409497475652248,0.009763033554494626,0.7639502232988526,0.788497927871928,0
item=7 own=0 step=5,50,200,0.7707433713574864,0.009726491691397575,0.7914375320566738,0.8101313406642131,0
item=7 own=0 step=5,55,200,0.8004591265425864,0.008256375096151986,0.81802617070682,0.8311301304137285,0
item=7 own=0 step=5,60,200,0.8300653555388603,0.008115261269155944,0.8443093612678192,0.8522815856313762,0.87
item=7 own=0 step=5,65,200,0.8572336990799612,0.007429202812002075,0.8694793675900854,0.8729773627394957,1
item=7 own=0 step=5,70,200,0.8849859108530341,0.005862886275345055,0.8940898372666659,0.8938801840257895,1
item=7 own=0 step=5,75,200,0.9090656521538498,0.0036121377466837123,0.9155778439730207,0.9145207147287425,1
item=7 own=0 step=5,80,200,0.9276092583440609,0.0013520174229364025,0.9314881357275543,0.9345181138838733,1
item=7 own=40 step=5,0,200,0.540984869976096,0.0027071083486193384,0.5461584578755297,0.6251327396656592,0
item=7 own=40 step=5,5,200,0.5540128583049916,0.005083784822230479,0.5673790028465358,0.6465708085670834,0
item=7 own=40 step=5,10,200,0.5698741061268963,0.00659820132491178,0.589895770726033,0.667932526211544,0
item=7 own=40 step=5,15,200,0.5877500537041953,0.008789765982257643,0.6147897708776163,0.6894734318099907,0
item=7 own=40 step=5,20,200,0.6089804027954093,0.010039722808137723,0.6407308238055655,0.7106610575657364,0
item=7 own=40 step=5,25,200,0.6339756734308388,0.011614188132134674,0.66884512916606,0.7317141763992183,0
item=7 own=40 step=5,30,200,0.6624800395990685,0.012097920167121325,0.6959219804444237,0.7528301045738135,0
item=7 own=40 step=5,35,200,0.6924949962387658,0.012461014905546073,0.7236349064545281,0.7734846977008049,0
item=7 own=40 step=5,40,200,0.7231889248442143,0.011466541927268035,0.7514312484419183,0.7940342910422519,0
item=7 own=40 step=5,45,200,0.7540182336554088,0.010586313017003975,0.7796503828085853,0.8149710771679674,0
item=7 own=40 step=5,50,200,0.7850817328621075,0.010427868105413952,0.8080979669376266,0.8358024962754468,0
item=7 own=40 step=5,55,200,0.8161342606050498,0.009523368723823918,0.8358656917594307,0.8563666904590882,0.36
item=7 own=40 step=5,60,200,0.8462130638906206,0.008690953702436877,0.8626423898120106,0.8766789961183605,1
item=7 own=40 step=5,65,200,0.8759757123216448,0.007447923132779801,0.8886725174541356,0.8970935682776121,1
item=7 own=40 step=5,70,200,0.9035927375439666,0.006300512518884403,0.9133499220849278,0.9172159783845696,1
item=7 own=40 step=5,75,200,0.9290493998854522,0.004175565153683062,0.9350092932843519,0.9373129792722552,1
item=7 own=40 step=5,80,200,0.9471456732867578,0.002220326668958137,0.950954908065744,0.9574013244098323,1
item=8 own=0 step=5,0,200,0.5516160520490848,0.0034612372521321297,0.5600141681786697,0.7075354026105276,0
item=8 own=0 step=5,5,200,0.5825384485035414,0.008550146413621038,0.6023926213059609,0.728211993435604,0
item=8 own=0 step=5,10,200,0.6161992841266459,0.01151469447306494,0.6430518748501577,0.7468252193880625,0
item=8 own=0 step=5,15,200,0.6492277453255905,0.013913822965006307,0.6813696135462246,0.763956694598389,0
item=8 own=0 step=5,20,200,0.6821661074765131,0.015138070259083156,0.7155418016004176,0.7799812185294139,0
item=8 own=0 step=5,25,200,0.7134160794485578,0.015925561182790992,0.7461703007121239,0.795393883575322,0
item=8 own=0 step=5,30,200,0.7422199596225428,0.016989215108734978,0.7726696138352217,0.8091174875538119,0
item=8 own=0 step=5,35,200,0.767312014633899,0.016114727622422626,0.7960613092048219,0.8223703566866638,0
item=8 own=0 step=5,40,200,0.7896409667883746,0.016002044160927164,0.8164494775477452,0.8347683710301194,0.025
item=8 own=0 step=5,45,200,0.8099166734377189,0.015003371689514067,0.8344972488991468,0.8463441399333889,0.255
item=8 own=0 step=5,50,200,0.8291724250713692,0.014868559847543684,0.8502034264542176,0.8571645274425265,0.71
item=8 own=0 step=5,55,200,0.8454368688389651,0.013395446833382545,0.863810700547867,0.867211743006655,0.985
item=8 own=0 step=5,60,200,0.8600124480668879,0.013272559699195734,0.8759254064600048,0.8769136475421989,1
item=8 own=0 step=5,65,200,0.8734327784254593,0.01236917110236594,0.8868345081342897,0.886549599141089,1
item=8 own=0 step=5,70,200,0.8835146132897745,0.011283316764138468,0.8954109380055725,0.8946158719358397,1
item=8 own=0 step=5,75,200,0.8945505270601664,0.01014752796449585,0.9037714346716106,0.9032280724415752,1
item=8 own=0 step=5,80,200,0.902619206454342,0.00900876167459989,0.9107250758163299,0.9112090140018501,1
item=8 own=0 step=5,85,200,0.909554061971814,0.007675664818426701,0.9163624425100957,0.9183228828695147,1
item=8 own=0 step=5,90,200,0.9153793527791717,0.0070725315428187266,0.9214346938554278,0.9254543893905008,1
item=8 own=0 step=5,95,200,0.9201380007688975,0.006051830324528667,0.9256068485090896,0.9321714732055055,1
item=8 own=0 step=5,100,200,0.924066713337861,0.005448254748082343,0.9291896220355079,0.9386624455716222,1
item=8 own=0 step=5,105,200,0.9276735962484096,0.0044056405174979895,0.9324052122260893,0.9451846537215017,1
item=8 own=0 step=5,110,200,0.9305870969427322,0.0036985043833134743,0.934939019119052,0.9510147413659691,1
item=8 own=0 step=5,115,200,0.9330586828361767,0.002702767516898619,0.9369661058504795,0.9563708878643061,1
item=8 own=0 step=5,120,200,0.9355719934046656,0.001279296301035158,0.9388420294351575,0.9619990484800022,1
item=8 own=40 step=5,0,200,0.5766675104897223,0.004667146342078055,0.5856035248556696,0.7579240027535767,0
item=8 own=40 step=5,5,200,0.6065398732378577,0.0095084119031252,0.6268664602533154,0.7760274308630819,0
item=8 own=40 step=5,10,200,0.6390666830995476,0.011770041469856421,0.6667756676062937,0.7921013465008415,0
item=8 own=40 step=5,15,200,0.6724016409915297,0.014983060562429307,0.7039844460500001,0.807504727589265,0
item=8 own=40 step=5,20,200,0.7052416311511496,0.015113666953125774,0.7373656659561783,0.8215557727559485,0
item=8 own=40 step=5,25,200,0.7335484052749232,0.016981212495394533,0.7667925014408398,0.8346516246072343,0
item=8 own=40 step=5,30,200,0.7618544847591874,0.0168550014072464,0.7931944974245885,0.8471492752406299,0
item=8 own=40 step=5,35,200,0.7858627038698129,0.01691081090244413,0.8160186520786276,0.8587306401707842,0.02
item=8 own=40 step=5,40,200,0.8091244662801121,0.017689327575365874,0.8368623570630122,0.8699452915266265,0.25
item=8 own=40 step=5,45,200,0.8295911428557734,0.0172912737401707,0.8550612958160098,0.8802937919250815,0.73
item=8 own=40 step=5,50,200,0.8490088318670196,0.01658418458419605,0.8709572572626301,0.8898495086057081,0.955
item=8 own=40 step=5,55,200,0.8648711726796467,0.016390537948221977,0.8852430613511987,0.899078919662954,1
item=8 own=40 step=5,60,200,0.8794474874325425,0.016285213995308467,0.8974854107376471,0.9074004965648439,1
item=8 own=40 step=5,65,200,0.892000499876129,0.014597399631489802,0.9080699708984169,0.9152195717531956,1
item=8 own=40 step=5,70,200,0.903829287151855,0.013674496556747498,0.9176659912742744,0.9227942012224749,1
item=8 own=40 step=5,75,200,0.913977320888745,0.013240835637460174,0.926045173607911,0.9300942873705,1
item=8 own=40 step=5,80,200,0.9235532150826856,0.011575762044566555,0.9335615398970099,0.9371573630159371,1
item=8 own=40 step=5,85,200,0.9313122803270604,0.010043942707282238,0.9396605502814458,0.9434394292469312,1
item=8 own=40 step=5,90,200,0.9377810797095545,0.00831052271771327,0.9446714946752209,0.9491631181548024,1
item=8 own=40 step=5,95,200,0.9434388045015,0.007140119041953842,0.9491285449491058,0.9549259397377005,1
item=8 own=40 step=5,100,200,0.9485489162412754,0.005967268436496507,0.9532190422101031,0.9610347036849385,1
item=8 own=40 step=5,105,200,0.952506278849673,0.0046090636021920185,0.9565336731986686,0.9666468695629692,1
item=8 own=40 step=5,110,200,0.9553483004281078,0.003958415926770262,0.9591630739508841,0.9717881819325863,1
item=8 own=40 step=5,115,200,0.9581498009442995,0.003093742916257115,0.9615547043573023,0.9771100687995129,1
item=8 own=40 step=5,120,200,0.9601408308733009,0.0026554172172748554,0.9632636213109836,0.9816345587861562,1
