cut,cell,runs,rate,rate_lo,rate_hi
0.5,null,2307,0,0,0.0021363073744032255
0.5,n=3000 a=60 k=8 lay=c2 d=0.3 al=0 pi=0.5 im=0 g=0 atk=none,200,0,0.000000000000000001734723475976807,0.018845326377266575
0.5,n=3000 a=60 k=8 lay=c2 d=0.5 al=0 pi=0.5 im=0 g=0 atk=none,200,0,0.000000000000000001734723475976807,0.018845326377266575
0.5,n=3000 a=60 k=8 lay=c2 d=0.7 al=0 pi=0.5 im=0 g=0 atk=none,200,0.12,0.08197992706375512,0.17234252098296743
0.5,n=3000 a=60 k=8 lay=c2 d=0.9 al=0 pi=0.5 im=0 g=0 atk=none,200,0.93,0.8859451911438936,0.9578478281716571
0.5,n=6000 a=60 k=8 lay=c2 d=0.3 al=0 pi=0.5 im=0 g=0 atk=none,200,0,0.000000000000000001734723475976807,0.018845326377266575
0.5,n=6000 a=60 k=8 lay=c2 d=0.5 al=0 pi=0.5 im=0 g=0 atk=none,200,0,0.000000000000000001734723475976807,0.018845326377266575
0.5,n=6000 a=60 k=8 lay=c2 d=0.7 al=0 pi=0.5 im=0 g=0 atk=none,200,0.65,0.5816346433604008,0.7127117587264192
0.5,n=6000 a=60 k=8 lay=c2 d=0.9 al=0 pi=0.5 im=0 g=0 atk=none,200,1,0.9811546736227335,1
0.6,null,2307,0,0,0.0021363073744032255
0.6,n=3000 a=60 k=8 lay=c2 d=0.3 al=0 pi=0.5 im=0 g=0 atk=none,200,0,0.000000000000000001734723475976807,0.018845326377266575
0.6,n=3000 a=60 k=8 lay=c2 d=0.5 al=0 pi=0.5 im=0 g=0 atk=none,200,0,0.000000000000000001734723475976807,0.018845326377266575
0.6,n=3000 a=60 k=8 lay=c2 d=0.7 al=0 pi=0.5 im=0 g=0 atk=none,200,0.12,0.08197992706375512,0.17234252098296743
0.6,n=3000 a=60 k=8 lay=c2 d=0.9 al=0 pi=0.5 im=0 g=0 atk=none,200,0.93,0.8859451911438936,0.9578478281716571
0.6,n=6000 a=60 k=8 lay=c2 d=0.3 al=0 pi=0.5 im=0 g=0 atk=none,200,0,0.000000000000000001734723475976807,0.018845326377266575
0.6,n=6000 a=60 k=8 lay=c2 d=0.5 al=0 pi=0.5 im=0 g=0 atk=none,200,0,0.000000000000000001734723475976807,0.018845326377266575
0.6,n=6000 a=60 k=8 lay=c2 d=0.7 al=0 pi=0.5 im=0 g=0 atk=none,200,0.65,0.5816346433604008,0.7127117587264192
0.6,n=6000 a=60 k=8 lay=c2 d=0.9 al=0 pi=0.5 im=0 g=0 atk=none,200,1,0.9811546736227335,1
0.7,null,2307,0,0,0.0021363073744032255
0.7,n=3000 a=60 k=8 lay=c2 d=0.3 al=0 pi=0.5 im=0 g=0 atk=none,200,0,0.000000000000000001734723475976807,0.018845326377266575
0.7,n=3000 a=60 k=8 lay=c2 d=0.5 al=0 pi=0.5 im=0 g=0 atk=none,200,0,0.000000000000000001734723475976807,0.018845326377266575
0.7,n=3000 a=60 k=8 lay=c2 d=0.7 al=0 pi=0.5 im=0 g=0 atk=none,200,0.12,0.08197992706375512,0.17234252098296743
0.7,n=3000 a=60 k=8 lay=c2 d=0.9 al=0 pi=0.5 im=0 g=0 atk=none,200,0.93,0.8859451911438936,0.9578478281716571
0.7,n=6000 a=60 k=8 lay=c2 d=0.3 al=0 pi=0.5 im=0 g=0 atk=none,200,0,0.000000000000000001734723475976807,0.018845326377266575
0.7,n=6000 a=60 k=8 lay=c2 d=0.5 al=0 pi=0.5 im=0 g=0 atk=none,200,0,0.000000000000000001734723475976807,0.018845326377266575
0.7,n=6000 a=60 k=8 lay=c2 d=0.7 al=0 pi=0.5 im=0 g=0 atk=none,200,0.6375,0.569644748383293,0.7002854931535362
0.7,n=6000 a=60 k=8 lay=c2 d=0.9 al=0 pi=0.5 im=0 g=0 atk=none,200,1,0.9811546736227335,1
0.8,null,2307,0,0,0.0021363073744032255
0.8,n=3000 a=60 k=8 lay=c2 d=0.3 al=0 pi=0.5 im=0 g=0 atk=none,200,0,0.000000000000000001734723475976807,0.018845326377266575
0.8,n=3000 a=60 k=8 lay=c2 d=0.5 al=0 pi=0.5 im=0 g=0 atk=none,200,0,0.000000000000000001734723475976807,0.018845326377266575
0.8,n=3000 a=60 k=8 lay=c2 d=0.7 al=0 pi=0.5 im=0 g=0 atk=none,200,0.12,0.08197992706375512,0.17234252098296743
0.8,n=3000 a=60 k=8 lay=c2 d=0.9 al=0 pi=0.5 im=0 g=0 atk=none,200,0.93,0.8859451911438936,0.9578478281716571
0.8,n=6000 a=60 k=8 lay=c2 d=0.3 al=0 pi=0.5 im=0 g=0 atk=none,200,0,0.000000000000000001734723475976807,0.018845326377266575
0.8,n=6000 a=60 k=8 lay=c2 d=0.5 al=0 pi=0.5 im=0 g=0 atk=none,200,0,0.000000000000000001734723475976807,0.018845326377266575
0.8,n=6000 a=60 k=8 lay=c2 d=0.7 al=0 pi=0.5 im=0 g=0 atk=none,200,0.61,0.5437703497316202,0.6724074193214342
0.8,n=6000 a=60 k=8 lay=c2 d=0.9 al=0 pi=0.5 im=0 g=0 atk=none,200,1,0.9811546736227335,1
0.9,null,2307,0,0,0.0021363073744032255
0.9,n=3000 a=60 k=8 lay=c2 d=0.3 al=0 pi=0.5 im=0 g=0 atk=none,200,0,0.000000000000000001734723475976807,0.018845326377266575
0.9,n=3000 a=60 k=8 lay=c2 d=0.5 al=0 pi=0.5 im=0 g=0 atk=none,200,0,0.000000000000000001734723475976807,0.018845326377266575
0.9,n=3000 a=60 k=8 lay=c2 d=0.7 al=0 pi=0.5 im=0 g=0 atk=none,200,0.1175,0.08002875285373243,0.16928761792242353
0.9,n=3000 a=60 k=8 lay=c2 d=0.9 al=0 pi=0.5 im=0 g=0 atk=none,200,0.93,0.8859451911438936,0.9578478281716571
0.9,n=6000 a=60 k=8 lay=c2 d=0.3 al=0 pi=0.5 im=0 g=0 atk=none,200,0,0.000000000000000001734723475976807,0.018845326377266575
0.9,n=6000 a=60 k=8 lay=c2 d=0.5 al=0 pi=0.5 im=0 g=0 atk=none,200,0,0.000000000000000001734723475976807,0.018845326377266575
0.9,n=6000 a=60 k=8 lay=c2 d=0.7 al=0 pi=0.5 im=0 g=0 atk=none,200,0.5875,0.5227314683634765,0.6493746355655619
0.9,n=6000 a=60 k=8 lay=c2 d=0.9 al=0 pi=0.5 im=0 g=0 atk=none,200,0.9975,0.9859524468559263,0.9995593253489993
1,null,2307,0,0,0.0021363073744032255
1,n=3000 a=60 k=8 lay=c2 d=0.3 al=0 pi=0.5 im=0 g=0 atk=none,200,0,0.000000000000000001734723475976807,0.018845326377266575
1,n=3000 a=60 k=8 lay=c2 d=0.5 al=0 pi=0.5 im=0 g=0 atk=none,200,0,0.000000000000000001734723475976807,0.018845326377266575
1,n=3000 a=60 k=8 lay=c2 d=0.7 al=0 pi=0.5 im=0 g=0 atk=none,200,0.1125,0.07631178313931256,0.16282414856691219
1,n=3000 a=60 k=8 lay=c2 d=0.9 al=0 pi=0.5 im=0 g=0 atk=none,200,0.9275,0.8833104400497285,0.9557927723449002
1,n=6000 a=60 k=8 lay=c2 d=0.3 al=0 pi=0.5 im=0 g=0 atk=none,200,0,0.000000000000000001734723475976807,0.018845326377266575
1,n=6000 a=60 k=8 lay=c2 d=0.5 al=0 pi=0.5 im=0 g=0 atk=none,200,0,0.000000000000000001734723475976807,0.018845326377266575
1,n=6000 a=60 k=8 lay=c2 d=0.7 al=0 pi=0.5 im=0 g=0 atk=none,200,0.5625,0.49950791956874496,0.6235390755517108
1,n=6000 a=60 k=8 lay=c2 d=0.9 al=0 pi=0.5 im=0 g=0 atk=none,200,0.9875,0.9710762638040326,0.9946492492200284
1.1,null,2307,0,0,0.0021363073744032255
1.1,n=3000 a=60 k=8 lay=c2 d=0.3 al=0 pi=0.5 im=0 g=0 atk=none,200,0,0.000000000000000001734723475976807,0.018845326377266575
1.1,n=3000 a=60 k=8 lay=c2 d=0.5 al=0 pi=0.5 im=0 g=0 atk=none,200,0,0.000000000000000001734723475976807,0.018845326377266575
1.1,n=3000 a=60 k=8 lay=c2 d=0.7 al=0 pi=0.5 im=0 g=0 atk=none,200,0.1025,0.06900171377587683,0.14964672276298413
1.1,n=3000 a=60 k=8 lay=c2 d=0.9 al=0 pi=0.5 im=0 g=0 atk=none,200,0.9125,0.8681427778910907,0.9429164706944403
1.1,n=6000 a=60 k=8 lay=c2 d=0.3 al=0 pi=0.5 im=0 g=0 atk=none,200,0,0.000000000000000001734723475976807,0.018845326377266575
1.1,n=6000 a=60 k=8 lay=c2 d=0.5 al=0 pi=0.5 im=0 g=0 atk=none,200,0,0.000000000000000001734723475976807,0.018845326377266575
1.1,n=6000 a=60 k=8 lay=c2 d=0.7 al=0 pi=0.5 im=0 g=0 atk=none,200,0.525,0.4650105731651831,0.5842764523186471
1.1,n=6000 a=60 k=8 lay=c2 d=0.9 al=0 pi=0.5 im=0 g=0 atk=none,200,0.975,0.9545984121283544,0.986364908254064
1.2,null,2307,0,0,0.0021363073744032255
1.2,n=3000 a=60 k=8 lay=c2 d=0.3 al=0 pi=0.5 im=0 g=0 atk=none,200,0,0.000000000000000001734723475976807,0.018845326377266575
1.2,n=3000 a=60 k=8 lay=c2 d=0.5 al=0 pi=0.5 im=0 g=0 atk=none,200,0,0.000000000000000001734723475976807,0.018845326377266575
1.2,n=3000 a=60 k=8 lay=c2 d=0.7 al=0 pi=0.5 im=0 g=0 atk=none,200,0.0925,0.061887114932421314,0.1360595067117395
1.2,n=3000 a=60 k=8 lay=c2 d=0.9 al=0 pi=0.5 im=0 g=0 atk=none,200,0.8925,0.8477237709829978,0.925270600876169
1.2,n=6000 a=60 k=8 lay=c2 d=0.3 al=0 pi=0.5 im=0 g=0 atk=none,200,0,0.000000000000000001734723475976807,0.018845326377266575
1.2,n=6000 a=60 k=8 lay=c2 d=0.5 al=0 pi=0.5 im=0 g=0 atk=none,200,0,0.000000000000000001734723475976807,0.018845326377266575
1.2,n=6000 a=60 k=8 lay=c2 d=0.7 al=0 pi=0.5 im=0 g=0 atk=none,200,0.4925,0.4354876412603619,0.5497080968932961
1.2,n=6000 a=60 k=8 lay=c2 d=0.9 al=0 pi=0.5 im=0 g=0 atk=none,200,0.95,0.9240363649362803,0.9674025701628527
1.3,null,2307,0,0,0.0021363073744032255
1.3,n=3000 a=60 k=8 lay=c2 d=0.3 al=0 pi=0.5 im=0 g=0 atk=none,200,0,0.000000000000000001734723475976807,0.018845326377266575
1.3,n=3000 a=60 k=8 lay=c2 d=0.5 al=0 pi=0.5 im=0 g=0 atk=none,200,0,0.000000000000000001734723475976807,0.018845326377266575
1.3,n=3000 a=60 k=8 lay=c2 d=0.7 al=0 pi=0.5 im=0 g=0 atk=none,200,0.0825,0.055021565098755026,0.12193080728940997
1.3,n=3000 a=60 k=8 lay=c2 d=0.9 al=0 pi=0.5 im=0 g=0 atk=none,200,0.87,0.8247195601463024,0.9049314793376133
1.3,n=6000 a=60 k=8 lay=c2 d=0.3 al=0 pi=0.5 im=0 g=0 atk=none,200,0,0.000000000000000001734723475976807,0.018845326377266575
1.3,n=6000 a=60 k=8 lay=c2 d=0.5 al=0 pi=0.5 im=0 g=0 atk=none,200,0,0.000000000000000001734723475976807,0.018845326377266575
1.3,n=6000 a=60 k=8 lay=c2 d=0.7 al=0 pi=0.5 im=0 g=0 atk=none,200,0.44,0.38781738107657043,0.49354334887650103
1.3,n=6000 a=60 k=8 lay=c2 d=0.9 al=0 pi=0.5 im=0 g=0 atk=none,200,0.9125,0.8807392673857086,0.9364130897884968
1.4,null,2307,0,0,0.0021363073744032255
1.4,n=3000 a=60 k=8 lay=c2 d=0.3 al=0 pi=0.5 im=0 g=0 atk=none,200,0,0.000000000000000001734723475976807,0.018845326377266575
1.4,n=3000 a=60 k=8 lay=c2 d=0.5 al=0 pi=0.5 im=0 g=0 atk=none,200,0,0.000000000000000001734723475976807,0.018845326377266575
1.4,n=3000 a=60 k=8 lay=c2 d=0.7 al=0 pi=0.5 im=0 g=0 atk=none,200,0.0675,0.04481624904189291,0.10045762622709872
1.4,n=3000 a=60 k=8 lay=c2 d=0.9 al=0 pi=0.5 im=0 g=0 atk=none,200,0.8275,0.781537679398108,0.8654570107124963
1.4,n=6000 a=60 k=8 lay=c2 d=0.3 al=0 pi=0.5 im=0 g=0 atk=none,200,0,0.000000000000000001734723475976807,0.018845326377266575
1.4,n=6000 a=60 k=8 lay=c2 d=0.5 al=0 pi=0.5 im=0 g=0 atk=none,200,0,0.000000000000000001734723475976807,0.018845326377266575
1.4,n=6000 a=60 k=8 lay=c2 d=0.7 al=0 pi=0.5 im=0 g=0 atk=none,200,0.3625,0.3150611468389841,0.4127770912162737
1.4,n=6000 a=60 k=8 lay=c2 d=0.9 al=0 pi=0.5 im=0 g=0 atk=none,200,0.8675,0.8307536803033191,0.897254783360973
1.5,null,2307,0,0,0.0021363073744032255
1.5,n=3000 a=60 k=8 lay=c2 d=0.3 al=0 pi=0.5 im=0 g=0 atk=none,200,0,0.000000000000000001734723475976807,0.018845326377266575
1.5,n=3000 a=60 k=8 lay=c2 d=0.5 al=0 pi=0.5 im=0 g=0 atk=none,200,0,0.000000000000000001734723475976807,0.018845326377266575
1.5,n=3000 a=60 k=8 lay=c2 d=0.7 al=0 pi=0.5 im=0 g=0 atk=none,200,0.055,0.034978425769889784,0.08546690029368588
1.5,n=3000 a=60 k=8 lay=c2 d=0.9 al=0 pi=0.5 im=0 g=0 atk=none,200,0.735,0.6895717600427761,0.7759403508599784
1.5,n=6000 a=60 k=8 lay=c2 d=0.3 al=0 pi=0.5 im=0 g=0 atk=none,200,0,0.000000000000000001734723475976807,0.018845326377266575
1.5,n=6000 a=60 k=8 lay=c2 d=0.5 al=0 pi=0.5 im=0 g=0 atk=none,200,0,0.000000000000000001734723475976807,0.018845326377266575
1.5,n=6000 a=60 k=8 lay=c2 d=0.7 al=0 pi=0.5 im=0 g=0 atk=none,200,0.3275,0.28249822655144763,0.37591466139752217
1.5,n=6000 a=60 k=8 lay=c2 d=0.9 al=0 pi=0.5 im=0 g=0 atk=none,200,0.81,0.7686762283551013,0.845426149157635
